plot_key,district,habitation,field_type,loreys_h_m,crown_cover_pct,n_trees,n_species,sal_ba_frac,tree_height_m,tree_trunk_area_cm2,all_rows_trunk_area_cm2
18.55814_82.928984,KORAPUT,CHAMPAKENDA,4,12.848675350827513,33.0,5,3,0.0,12.939010466222646,2509.07767784373,2529.131
18.575806_82.837232,KORAPUT,HANDAPUR,4,5.276425712718289,28.0,8,6,0.0,5.3344591425086785,848.2162692082561,864.5319999999999
18.576485_82.834653,KORAPUT,HANDAPUR,4,4.678354368337214,28.0,7,5,0.0,4.829299526187731,621.4204753023054,649.4309999999999
18.576947_82.837561,KORAPUT,HANDAPUR,4,5.865490278697405,33.0,10,8,0.0,5.947261413344835,1291.6219406622765,1322.019
18.577371_82.836942,KORAPUT,HANDAPUR,4,4.989821882951655,23.0,6,6,0.0,5.035647976234682,428.6042617464741,437.834
18.577439_82.833436,KORAPUT,HANDAPUR,0,4.511334734629531,38.0,19,9,0.0,4.7175141242937855,985.9648724542917,1060.049
18.577547_82.836866,KORAPUT,HANDAPUR,0,7.759958082656842,28.0,16,9,0.0,7.809803602178061,6839.52452443111,6891.329
18.577639_82.837776,KORAPUT,HANDAPUR,0,6.069422355975924,33.0,17,6,0.0,6.087089738263399,4597.0313762663045,4627.43
18.577673_82.838437,KORAPUT,HANDAPUR,4,5.214697529111048,38.0,5,3,0.0,5.3116673986239205,543.5937081303686,560.383
18.577748_82.835758,KORAPUT,HANDAPUR,0,7.230954330762174,23.0,18,7,0.0,7.319768845954806,4613.106025518586,4683.771
18.577832_82.83856,KORAPUT,HANDAPUR,0,4.3921811906816215,23.0,18,8,0.0,4.538355342136855,1325.760675955488,1383.454
18.578127_82.840014,KORAPUT,HANDAPUR,0,4.917462063113924,18.0,14,5,0.0,4.979239901837236,2399.579076996506,2438.491
18.578158_82.833453,KORAPUT,HANDAPUR,0,8.106822705771053,48.0,20,7,0.0,8.180962222987715,4158.24119816195,4205.668000000001
18.57816_82.833364,KORAPUT,HANDAPUR,4,5.72679429872649,23.0,10,6,0.0,5.757739011458868,930.578952258312,943.551
18.578309_82.834858,KORAPUT,HANDAPUR,0,9.87677640153211,38.0,17,6,0.0,9.93207626524604,7946.765463521427,7998.728999999999
18.578415_82.837159,KORAPUT,HANDAPUR,4,5.6859709202219255,28.0,5,4,0.0,5.735658914728682,410.61975317709,415.95
18.57855_82.839376,KORAPUT,HANDAPUR,4,5.490962228678859,38.0,9,6,0.0,5.605573136427568,905.2733163067006,931.215
18.578663_82.834354,KORAPUT,HANDAPUR,0,4.539495791174219,18.0,19,10,0.0,4.729217438396967,881.6388072575543,935.909
18.578716_82.835005,KORAPUT,HANDAPUR,0,4.703702819764872,23.0,18,6,0.0,4.883820120537784,858.2430306230456,900.259
18.578741_82.834651,KORAPUT,HANDAPUR,4,5.431949559647719,38.0,9,6,0.0,5.546181818181819,765.9331636297463,795.1379999999999
18.579554_82.833869,KORAPUT,HANDAPUR,4,5.234595984571259,23.0,6,5,0.0,5.338807918207526,731.635273393443,804.6080000000001
18.586698_82.830332,KORAPUT,HATIMUNDA,4,11.420129998030331,43.0,2,2,0.0,11.609756097560975,394.78383633944634,404.015
18.587339_82.828831,KORAPUT,HATIMUNDA,4,6.852838263058526,43.0,6,5,0.0,6.877470856563608,628.0254054406191,632.2420000000001
18.587424_82.827393,KORAPUT,HATIMUNDA,4,4.481149986438838,78.0,7,6,0.0,4.491511154763574,567.148639707969,586.804
18.587441_82.81896,KORAPUT,BILAPUT,3,5.595708156672724,28.0,39,9,0.0,5.645561873677233,3120.7897016174297,3153.178
18.588535_82.82654,KORAPUT,HATIMUNDA,4,11.557300678823372,53.0,4,3,0.0,11.593879460109582,595.4782195783264,597.864
18.58884_82.818969,KORAPUT,BILAPUT,0,4.572623109330754,38.0,18,7,0.0,4.715150205316619,1104.6148825292996,1152.2
18.589041_82.818128,KORAPUT,BILAPUT,0,4.755907459310616,43.0,18,10,0.0,4.877620425359119,1567.755766926715,1618.369
18.589244_82.825077,KORAPUT,HATIMUNDA,4,9.4600529512537,68.0,5,5,0.0,9.517376946060699,506.03314156068126,510.967
18.589309_82.825484,KORAPUT,HATIMUNDA,1,18.1124634108766,33.0,4,4,0.0,18.308424336973477,510.09159260952475,516.538
18.589582_82.817618,KORAPUT,BILAPUT,0,5.33138416859621,38.0,19,10,0.0,5.4284508400996865,1979.728337120086,2027.712
18.589732_82.827324,KORAPUT,HATIMUNDA,0,10.7856529336848,13.0,10,6,0.0,10.74912348466841,5356.518764700831,5373.546
18.590069_82.822561,KORAPUT,HATIMUNDA,1,20.82926829268293,58.0,2,2,0.0,21.54562326012991,257.2739655080488,267.538
18.590157_82.829946,KORAPUT,HATIMUNDA,4,5.900139470013946,13.0,5,4,0.0,5.966932725199544,279.1577701831844,285.285
18.590763_82.817554,KORAPUT,BILAPUT,0,5.7665899436628205,28.0,18,7,0.0,5.875073223369816,2581.0952895928126,2641.414
18.590785_82.824487,KORAPUT,HATIMUNDA,0,11.403761606491146,13.0,10,8,0.0,11.37714538434061,4678.279974714717,4687.988
18.590802_82.814215,KORAPUT,BILAPUT,0,6.513483982065109,28.0,11,1,0.0,6.518573116403092,7341.578792414494,7347.706999999999
18.590809_82.826211,KORAPUT,HATIMUNDA,0,9.86834308966305,13.0,10,7,0.0,9.825872873769024,4444.401785841177,4458.881
18.590818_82.825501,KORAPUT,HATIMUNDA,0,8.97775323445882,13.0,10,9,0.0,8.8392382639504,4492.148268768746,4539.256
18.590826_82.820535,KORAPUT,HATIMUNDA,0,6.9325598630242,13.0,9,9,0.0,7.015489951056962,3056.729837022942,3113.944
18.590907_82.822339,KORAPUT,HATIMUNDA,0,8.574280214261801,13.0,9,9,0.0,8.585702306079666,1897.922696370852,1901.58
18.591008_82.821617,KORAPUT,HATIMUNDA,0,7.946635220125788,13.0,9,9,0.0,8.141344168387398,2389.3931606386245,2530.564
18.591102_82.824347,KORAPUT,HATIMUNDA,0,12.194119777433908,8.0,10,8,0.0,12.17724649629019,4826.373649261726,4834.011
18.591333_82.817649,KORAPUT,BILAPUT,0,5.240125965915105,28.0,17,7,0.0,5.380824764821702,1454.9944897461073,1503.537
18.591473_82.819057,KORAPUT,HATIMUNDA,0,6.449071800412534,8.0,9,9,0.0,6.596098290453047,2341.407945296418,2430.535
18.591548_82.816364,KORAPUT,BILAPUT,0,4.934326690569499,48.0,23,8,0.0,4.9679806580468835,3785.102434083001,3817.4900000000002
18.591818_82.815917,KORAPUT,BILAPUT,0,4.706310291249299,38.0,15,8,0.0,4.750978097308143,2379.764286581565,2407.139
18.592142_82.814825,KORAPUT,BILAPUT,0,3.775982503364738,33.0,12,8,0.0,3.815976051677958,1515.2346357063898,1537.277
18.59228_82.828686,KORAPUT,HATIMUNDA,1,16.840235495395767,13.0,10,10,0.0,16.878816938373795,1576.668443739861,1581.441
18.592398_82.819353,KORAPUT,HATIMUNDA,0,6.608937848156726,13.0,9,9,0.0,6.733275899203101,3694.78200387835,3814.225
18.593711_82.815814,KORAPUT,HATIMUNDA,4,5.259385665529011,13.0,5,5,0.0,5.329948039678791,336.9310145255424,349.741
18.594241_82.828147,KORAPUT,HATIMUNDA,0,9.214238680959784,13.0,10,9,0.0,9.138582135007018,3004.92490304653,3021.3160000000003
18.594449_82.811828,KORAPUT,HATIMUNDA,4,6.061852705061082,18.0,6,5,0.0,6.1277457880145025,1119.416292236846,1139.947
18.594997_82.814868,KORAPUT,HATIMUNDA,4,6.436106045728713,8.0,5,4,0.0,6.547694524495677,552.2676525288769,567.307
18.595014_82.827976,KORAPUT,HATIMUNDA,0,11.288791619534749,23.0,10,8,0.0,11.27982544809053,3227.7418233751832,3236.098
18.595431_82.826381,KORAPUT,HATIMUNDA,4,4.844187168355042,38.0,4,3,0.0,4.934710533027289,312.02326593166083,329.929
18.595601_82.827027,KORAPUT,HATIMUNDA,4,10.06623711340206,13.0,10,10,0.0,10.081293103448276,923.0986699329931,926.279
18.595819_82.826677,KORAPUT,HATIMUNDA,0,9.307566506759706,13.0,10,9,0.0,9.291279336818391,3638.2024216091813,3649.4230000000002
18.596046_82.825038,KORAPUT,HATIMUNDA,2,1.886906879855872,0.0,1,1,0.0,2.1,20.371832715762604,35.337
18.596091_82.825235,KORAPUT,HATIMUNDA,4,5.087125348865428,48.0,7,4,0.0,5.117184621053925,647.8401958555601,655.798
18.596228_82.824514,KORAPUT,HATIMUNDA,2,1.4542706964520369,0.0,0,0,0.0,0.0,0.0,15.14
18.596347_82.826101,KORAPUT,HATIMUNDA,0,9.974495488889598,13.0,10,9,0.0,9.962460830082497,2488.705845127967,2496.105
18.596368_82.824083,KORAPUT,HATIMUNDA,2,3.1975740740740743,0.0,1,1,0.0,4.0,25.783100780887043,42.971000000000004
18.596488_82.814043,KORAPUT,HATIMUNDA,4,4.983390075312082,18.0,5,5,0.0,5.0285714285714285,754.7923176133137,771.344
18.596536_82.825133,KORAPUT,HATIMUNDA,0,7.897669158143191,23.0,10,8,0.0,7.8889874353288985,1615.024785025008,1618.285
18.596726_82.822897,KORAPUT,HATIMUNDA,2,1.3018717993996116,0.0,0,0,0.0,0.0,0.0,4.506
18.596943_82.824312,KORAPUT,HATIMUNDA,0,14.1649067852271,8.0,10,9,0.0,14.168154158215009,1569.267738886088,1575.077
18.59697_82.823822,KORAPUT,HATIMUNDA,4,5.240778237520909,28.0,5,3,0.0,5.260682996602897,890.1535967129705,903.9200000000001
18.597175_82.821483,KORAPUT,HATIMUNDA,2,5.875969267139479,8.0,0,0,0.0,0.0,0.0,67.322
18.59731_82.823396,KORAPUT,HATIMUNDA,2,2.9003229093189127,0.0,2,2,0.0,3.2499999999999996,40.74366543152521,50.766999999999996
18.59736_82.822354,KORAPUT,HATIMUNDA,4,5.924412217095144,23.0,4,4,0.0,5.962394303515799,357.62115712748874,362.156
18.597398_82.824837,KORAPUT,HATIMUNDA,4,6.402404809619238,48.0,3,3,0.0,6.822350845948353,178.73100109219845,198.546
18.597412_82.823824,KORAPUT,HATIMUNDA,4,7.002101471029719,13.0,9,8,0.0,6.954455087655882,1320.9064501911855,1325.363
18.59743_82.823241,KORAPUT,HATIMUNDA,4,6.694858342077649,8.0,9,9,0.0,6.491753013322055,752.6437258815731,758.373
18.597682_82.819763,KORAPUT,HATIMUNDA,0,4.13753034986337,28.0,10,3,0.0,4.21120629775411,1718.4754980347398,1776.4080000000001
18.598169_82.819834,KORAPUT,HATIMUNDA,1,23.75418163160595,18.0,4,4,0.0,25.942695035460993,280.51058719946553,310.192
18.598548_82.821378,KORAPUT,HATIMUNDA,4,6.203328232593728,28.0,4,2,0.0,6.34748717948718,387.9401737864949,416.031
18.598995_82.819166,KORAPUT,HATIMUNDA,4,4.671417747892793,23.0,5,3,0.0,4.718774672351176,503.9641273004866,512.556
18.602419_82.818844,KORAPUT,HATIMUNDA,4,4.9410596026490055,18.0,5,3,0.0,5.05154771041187,622.1366725462188,660.89
18.604711_82.818115,KORAPUT,HATIMUNDA,4,4.728705067128627,18.0,6,2,0.0,4.877546401086465,351.5732692899968,367.488
18.614284_82.839737,KORAPUT,BARIGUDA,4,8.783990871053632,48.0,12,5,0.0,8.925670972232966,1028.8571296175573,1046.046
18.614533_82.839458,KORAPUT,BARIGUDA,4,7.578799169313462,58.0,10,4,0.0,7.860804466438269,627.1500532536136,651.422
18.615426_82.839528,KORAPUT,BARIGUDA,4,10.696006364359588,58.0,6,5,0.0,11.172695772695771,574.1514572040124,600.174
18.615788_82.855314,KORAPUT,KONDASRIMUNDA,2,1.2032085561497323,0.0,0,0,0.0,0.0,0.0,29.762
18.615818_82.85548,KORAPUT,KONDASRIMUNDA,2,1.517817109144543,0.0,0,0,0.0,0.0,0.0,26.976999999999997
18.615834_82.855468,KORAPUT,KONDASRIMUNDA,2,1.3458937198067638,0.0,0,0,0.0,0.0,0.0,16.472
18.616194_82.856297,KORAPUT,KONDASRIMUNDA,2,1.0003603603603604,0.0,0,0,0.0,0.0,0.0,26.5
18.616558_82.841079,KORAPUT,BARIGUDA,4,8.107583242762573,63.0,9,5,0.0,8.716479999999999,746.0387957432594,805.404
18.616631_82.839986,KORAPUT,BARIGUDA,4,8.692373238509152,58.0,7,6,0.0,9.04871020856202,579.9606126268666,604.232
18.616679_82.843587,KORAPUT,BARIGUDA,4,6.534508920526222,68.0,6,4,0.0,7.080769994046438,400.99087912003034,441.576
18.616705_82.856253,KORAPUT,KONDASRIMUNDA,2,1.1312968299711816,0.0,0,0,0.0,0.0,0.0,27.613
18.616708_82.839955,KORAPUT,BARIGUDA,4,7.521226294585831,53.0,9,3,0.0,8.01794521985518,758.2937263613353,809.859
18.616768_82.842999,KORAPUT,BARIGUDA,4,10.17824655369216,58.0,10,4,0.0,10.814908342686122,850.8423257692725,906.308
18.616998_82.84222,KORAPUT,BARIGUDA,4,6.664992624159972,63.0,8,5,0.0,7.4534690101757635,430.11623370584715,485.502
18.617277_82.841366,KORAPUT,BARIGUDA,4,9.111511072928598,58.0,12,6,0.0,9.709102028335542,780.7345733372925,833.652
18.624624_82.933586,KORAPUT,KHASUGUDA,2,4.550139240275932,48.0,2,2,0.0,4.5772477064220185,43.36972199254148,43.721000000000004
18.637046_82.971078,KORAPUT,KHASUGUDA,0,4.42978942208515,33.0,15,12,0.0,4.888239457243264,6521.532948133504,7792.304
18.637227_82.968882,KORAPUT,KHASUGUDA,0,8.20760012658558,38.0,10,10,0.0,8.260449558557285,48437.69284541671,48782.897
18.637924_82.967885,KORAPUT,KHASUGUDA,0,5.751251227543181,33.0,10,8,0.0,5.616152149944874,4330.606001530472,5510.264
18.6389_82.971745,KORAPUT,KHASUGUDA,0,4.463643396500879,58.0,13,11,0.0,5.063444432536706,5197.761708966664,6017.571
18.639738_82.971846,KORAPUT,KHASUGUDA,0,7.939191120585781,63.0,11,10,0.0,8.701042264295276,14979.981553695374,17171.226
18.639916_82.968455,KORAPUT,KHASUGUDA,4,5.826089461450969,28.0,6,6,0.0,6.2378534395210865,2977.62983030627,3218.272
18.640693_82.972283,KORAPUT,KHASUGUDA,0,5.568594503213712,43.0,9,8,0.0,6.1978081039398045,3405.4383173372844,4754.275
18.641832_82.972375,KORAPUT,KHASUGUDA,0,5.91779884160368,38.0,11,9,0.0,5.939787850651361,2828.2629162145263,3874.467
18.641893_82.969522,KORAPUT,KHASUGUDA,0,6.315400737702093,28.0,9,7,0.0,7.329091680300551,3939.801038768323,4616.925
18.644529_82.974055,KORAPUT,KHASUGUDA,0,10.048558120168469,48.0,10,7,0.0,10.269672343604679,5219.247626284069,5376.16
18.652406_82.811505,KORAPUT,SAKIAGUDA,4,6.57339947089947,68.0,8,5,0.0,7.388440607993996,424.06834586835515,481.28499999999997
18.652437_82.811106,KORAPUT,SAKIAGUDA,4,6.660500525486073,58.0,10,6,0.0,6.85917592843589,587.122585066002,605.744
18.65244_82.811768,KORAPUT,SAKIAGUDA,4,6.683410285714285,68.0,10,9,0.0,7.383900140109541,624.7627291072351,696.303
18.652644_82.812857,KORAPUT,SAKIAGUDA,4,6.11568361581921,78.0,7,3,0.0,6.536737989503431,394.2267940386248,422.55600000000004
18.652647_82.812143,KORAPUT,SAKIAGUDA,4,9.54607604964352,58.0,12,7,0.0,10.042982334121575,572.0824429438178,602.719
18.652919_82.810902,KORAPUT,SAKIAGUDA,0,8.093434569004021,58.0,14,9,0.0,8.347792647285033,1034.6662850404116,1069.043
18.653207_82.811814,KORAPUT,KHARAGUDA,4,7.510416925948974,78.0,7,4,0.0,8.46235045742435,226.1591741335833,255.763
18.653365_82.811206,KORAPUT,KHARAGUDA,4,14.622281768864054,63.0,10,8,0.0,15.307838070628769,461.9472223242263,484.07
18.653369_82.81268,KORAPUT,SAKIAGUDA,4,9.58115873763542,63.0,9,3,0.0,10.233702956989248,473.6451106414805,506.829
18.676799_82.963237,KORAPUT,BARAKANTI,4,7.098069379278516,48.0,11,3,0.0,7.151623705318899,1021.8543121215141,1034.586
18.677433_82.964683,KORAPUT,BARAKANTI,0,9.62301716518584,38.0,13,4,0.0,9.65870753703098,1703.037468554826,1710.6779999999999
18.678063_82.960975,KORAPUT,BARAKANTI,4,9.33736693658448,38.0,8,3,0.0,9.381743119266055,867.3944398508297,874.6339999999999
18.678762_82.958297,KORAPUT,BARAKANTI,4,9.257100288667472,43.0,8,4,0.0,9.096160397099617,1635.2374627976787,1709.165
18.678843_82.963663,KORAPUT,BARAKANTI,4,9.21894829427656,38.0,10,4,0.0,9.26871243277444,1257.7219377837027,1266.634
18.679113_82.96907,KORAPUT,BARAKANTI,4,8.26830318690784,38.0,6,2,0.0,8.35526124290496,546.7768069922065,554.336
18.679282_82.97123,KORAPUT,BARAKANTI,4,9.893631572595243,43.0,7,4,0.0,9.920592628476847,1971.2135476646695,1978.0580000000002
18.679754_82.975404,KORAPUT,BARAKANTI,0,7.525267074780938,38.0,14,4,0.0,7.545153322489306,1320.9064501911853,1325.921
18.680077_82.962886,KORAPUT,BARAKANTI,0,6.794553538347538,38.0,14,7,0.0,6.830195712954334,853.8662696880185,859.117
18.680447_82.973233,KORAPUT,BARAKANTI,0,8.41040859371168,33.0,14,4,0.0,8.434609132555046,1615.5022498542837,1622.347
18.681063_82.964409,KORAPUT,BARAKANTI,4,5.304843071375891,53.0,7,2,0.0,5.377777777777778,945.3803619658582,971.0840000000001
18.681071_82.975365,KORAPUT,BARAKANTI,2,3.309597523219815,43.0,0,0,0.0,0.0,0.0,25.704
18.681102_82.975437,KORAPUT,BARAKANTI,4,8.224823985444186,43.0,10,3,0.0,8.250696378830083,999.8909299748324,1005.939
18.681326_82.957064,KORAPUT,BARAKANTI,4,8.539359020525746,38.0,10,6,0.0,8.58593693367162,1097.771219976348,1104.935
18.681329_82.960893,KORAPUT,BARAKANTI,4,7.583365244696333,33.0,7,5,0.0,7.749683343888537,1005.222620568411,1039.043
18.681538_82.974712,KORAPUT,BARAKANTI,0,11.634516765286,48.0,12,2,0.0,11.641233125444067,2016.0156641450385,2017.289
18.681742_82.961581,KORAPUT,BARAKANTI,0,7.1942797755144445,63.0,18,7,0.0,7.284369833396922,1877.1529762973596,1914.235
18.681765_82.962915,KORAPUT,BARAKANTI,0,4.852769679300291,68.0,16,5,0.0,4.894254085397997,754.7923176133137,764.2620000000001
18.681858_82.963077,KORAPUT,BARAKANTI,4,6.860245358090186,53.0,4,3,0.0,7.032129901537399,460.673982779491,480.012
18.681878_82.962774,KORAPUT,BARAKANTI,4,4.913637202435874,53.0,7,4,0.0,4.988111089975271,836.6775358340938,862.46
18.682446_82.965478,KORAPUT,BARAKANTI,4,7.813887384948565,38.0,7,4,0.0,7.839972807613868,585.2923032204452,587.919
18.68257_82.965576,KORAPUT,BARAKANTI,4,5.58161782513926,58.0,3,3,0.0,5.792207792207792,612.746530903797,657.151
18.682588_82.96899,KORAPUT,BARAKANTI,4,4.909628506444276,48.0,5,3,0.0,5.000000000000001,495.3697603735243,524.814
18.68293_82.957086,KORAPUT,BARAKANTI,4,8.955891686058813,43.0,6,2,0.0,9.040124117269421,743.731049068427,752.326
18.682982_82.96547,KORAPUT,BARAKANTI,4,5.156901041666667,48.0,8,4,0.0,5.1836580291280505,841.4521841268507,855.615
18.683549_82.961884,KORAPUT,BARAKANTI,4,5.804797648654758,48.0,5,4,0.0,5.836613949254749,699.4063974173342,703.942
18.683884_82.961298,KORAPUT,BARAKANTI,4,5.571485823063821,53.0,7,4,0.0,5.67121244406563,746.9141479302648,794.262
18.684793_82.959743,KORAPUT,BARAKANTI,4,6.840462905559001,48.0,7,4,0.0,6.969555035128806,373.7753838513162,385.075
18.686431_82.9618,KORAPUT,BARAKANTI,4,6.859096945551129,63.0,2,2,0.0,7.104972375690608,230.45635759706448,239.687
18.686566_82.958633,KORAPUT,BARAKANTI,4,9.565734152652004,58.0,8,6,0.0,9.587319604345712,981.5085340477186,984.213
18.69107_82.868956,KORAPUT,BARAKANTI,4,4.412639894667545,53.0,2,2,0.0,4.86454033771107,212.07396166995053,241.756
20.621695_85.564537,DHENKANAL,MANGALPUR,0,4.071563966274772,18.0,12,5,0.0,4.2010026326107655,2841.393199019608,2954.763
20.741885_84.698598,ANGUL,KANSAB,0,12.230659685863872,53.0,21,10,0.0002977107073195,12.285713547319997,7697.9267099972485,7751.641
20.742247_84.697628,ANGUL,KANSAB,0,14.13150279171004,43.0,16,8,0.0,14.182900256587788,11723.193953205919,11772.53
20.742487_84.696332,ANGUL,KANSAB,0,11.249319287063264,38.0,21,8,4.721435316336166e-05,11.348264348489726,6673.2871863716255,6741.8
20.743825_84.696419,ANGUL,KANSAB,0,6.27323369221026,48.0,17,7,5.6294419815635794e-05,8.077318330469486,4306.971492481325,5654.377
20.744313_84.694294,ANGUL,KANSAB,1,26.6538651018829,38.0,16,7,0.0,26.880522315126505,7328.289354666321,7404.522
20.744556_84.693554,ANGUL,KANSAB,1,24.0924363142444,38.0,9,7,0.0,24.205641355263623,9037.772598416368,9080.981
20.745076_84.695402,ANGUL,KANSAB,3,7.633591722692743,53.0,32,11,6.985069414127303e-05,7.738355701715403,4476.630661817286,4557.002
20.745582_84.692273,ANGUL,KANSAB,3,16.790449749899384,53.0,22,8,0.0434801356867705,17.235605264474803,4770.589841708017,5536.365
20.746348_84.694433,ANGUL,KANSAB,1,20.66203030487912,58.0,14,5,0.0,22.511620143611207,8367.173245698667,9130.241
20.747267_84.691992,ANGUL,KANSAB,1,21.11119340097781,43.0,13,5,4.913642729037172e-05,21.284998202263907,6418.480122481501,6478.081999999999
20.759342_84.70982,ANGUL,GHANAJODI,3,13.615325304581994,38.0,25,12,0.0,13.803333367229685,7825.568974356949,7949.072999999999
20.760064_84.721146,ANGUL,GHANAJODI,0,12.10929704759992,38.0,18,10,0.0,12.198726278215762,3098.826319470748,3169.73
20.760492_84.717751,ANGUL,GHANAJODI,1,33.57311264949205,43.0,18,8,0.0,33.835394442462956,7362.746399845716,7425.852
20.761327_84.711584,ANGUL,GHANAJODI,0,7.437466440696206,48.0,21,6,0.0,8.616996148908857,2479.6340133717295,2958.134
20.76148_84.72302,ANGUL,GHANAJODI,3,9.615795493997476,43.0,30,12,0.011420322692638,10.910118548927615,3799.3468014897257,4355.036
20.761498_84.715991,ANGUL,GHANAJODI,3,3.92646384094385,38.0,76,10,0.0,6.381133562625394,4442.332771580983,8741.424
20.76178_84.706629,ANGUL,GHANAJODI,0,5.341069086968302,38.0,16,5,0.0,7.999367888748419,881.2409198998245,1468.6000000000001
20.763036_84.72282,ANGUL,GHANAJODI,0,12.374889517547212,68.0,13,6,0.0,13.467069131765395,1898.1614287854895,2081.5879999999997
20.76408_84.715482,ANGUL,GHANAJODI,4,2.5771074457180143,98.0,2,2,0.0,2.592795497185741,848.2958466798021,853.946
20.764457_84.718917,ANGUL,GHANAJODI,3,17.595640751205867,43.0,22,7,0.0,18.021488924074045,5377.765949603598,5576.311
20.767532_84.743722,ANGUL,KANTAPADA,4,11.776556953547336,48.0,5,4,0.0007654403674113,12.354258031616522,780.2571085080172,831.705
20.802758_84.651615,ANGUL,JOGI BANDHA,1,17.060260489251302,58.0,10,7,0.0,17.094262142777513,4282.700363659811,4294.0
20.803186_84.650445,ANGUL,JOGI BANDHA,1,18.86359363529421,78.0,6,4,0.0,18.883394729385092,4493.26235337039,4498.552
20.803305_84.650996,ANGUL,JOGI BANDHA,4,11.216738157552172,68.0,6,3,0.0,11.362459726697034,1432.55364277015,1451.868
20.803378_84.649662,ANGUL,JOGI BANDHA,4,8.101128621491275,93.0,5,5,0.0,12.866558460379107,1372.7909616391435,2293.501
20.80382_84.649267,ANGUL,JOGI BANDHA,1,14.119777442428472,63.0,6,6,0.0,14.180881450976955,4541.088413769505,4561.379
20.804067_84.651992,ANGUL,JOGI BANDHA,1,16.35755048052083,28.0,6,4,0.0,16.684735991000494,2263.6607555960272,2310.214
20.805056_84.651723,ANGUL,JOGI BANDHA,4,12.194148149749262,58.0,4,4,0.0,14.62579868021368,1519.4522416983248,1840.786
20.805103_84.650732,ANGUL,JOGI BANDHA,4,11.677670366663635,88.0,2,2,0.0,12.575300761109746,1620.5952080332245,1749.2730000000001
20.805368_84.649812,ANGUL,JOGI BANDHA,2,0.2171396648044692,8.0,0,0,0.0,0.0,0.0,14.243
20.806103_84.651004,ANGUL,JOGI BANDHA,4,10.674902801077728,43.0,5,5,0.2495551827563418,10.872617749389832,1532.4233695603143,1565.367
20.825695_84.645693,ANGUL,ANANDA PUR,4,10.366624233851956,68.0,1,1,0.0,12.0,286.47889756541156,337.56699999999995
20.825723_84.645635,ANGUL,ANANDA PUR,4,6.733686916138077,33.0,3,3,0.0,10.32578313253012,396.2958082988194,653.874
20.825966_84.644815,ANGUL,ANANDA PUR,4,11.961087088125916,63.0,7,5,0.0,13.344788841534289,821.5578162403635,920.153
20.826051_84.646594,ANGUL,ANANDA PUR,1,13.974001978835068,88.0,3,3,0.0,14.314078784667018,1801.952265686439,1849.856
20.827024_84.643543,ANGUL,ANANDA PUR,4,9.782364998586374,78.0,2,2,0.0,11.549493957381388,1863.4656511914561,2251.723
20.827087_84.646448,ANGUL,ANANDA PUR,2,1.07,98.0,0,0,0.0,0.0,0.0,0.954
20.827346_84.642134,ANGUL,ANANDA PUR,4,13.446413233749569,48.0,5,5,0.0,13.49016393442623,1359.1832140047861,1363.798
20.828018_84.64283,ANGUL,ANANDA PUR,1,18.64528892826874,58.0,5,5,0.3260651822174281,19.849771708280205,1934.6079107535338,2065.672
20.828198_84.64423,ANGUL,ANANDA PUR,4,11.355777023929589,88.0,4,4,0.0,11.432040627885504,861.8240168426132,867.951
20.926499_85.652478,DHENKANAL,TULASIPASI,1,42.53505008281411,23.0,4,2,0.6092751794305546,43.77544059124503,979.8374071452537,1008.964
20.926894_85.66691,DHENKANAL,TULASIPASI,4,9.30209523809524,8.0,4,3,0.0,9.315246465418419,208.25424303574505,208.892
20.927937_85.652632,DHENKANAL,TULASIPASI,4,4.259697956766362,23.0,6,2,0.6416938110749187,8.166666666666666,122.23099629457562,268.73199999999997
20.931564_85.663294,DHENKANAL,TULASIPASI,4,12.089761939535562,23.0,5,2,0.9429433815296236,12.204181013280865,1617.809996529116,1634.601
20.931593_85.663369,DHENKANAL,TULASIPASI,4,14.844234659474036,33.0,10,7,0.1362103843560351,14.929275756545392,234.0373438166321,236.026
20.934691_85.665477,DHENKANAL,TULASIPASI,4,9.927050427050428,18.0,9,3,0.796887796887797,11.569415665147119,576.0613165211153,680.149
20.935038_85.668127,DHENKANAL,TULASIPASI,4,5.730907282886638,8.0,8,5,0.1432427313192537,6.652797783933519,1436.3733614043554,1680.516
20.967839_85.697164,DHENKANAL,KANKANA,4,8.05804017625866,28.0,8,2,0.6825394011381566,8.083795404002965,1610.2501367322511,1615.941
20.968462_85.697621,DHENKANAL,KANKANA,4,2.699959726137737,2.5,8,3,0.0,2.7829868476877393,187.56410043379864,197.591
20.96877_85.697427,DHENKANAL,KANKANA,0,9.760009268004517,2.5,14,2,0.792562956988677,10.374894627940838,5192.032131015356,5623.999
20.969023_85.695805,DHENKANAL,KANKANA,0,5.929800611846925,53.0,8,2,0.0,5.977969949194682,5153.198324900933,5200.101000000001
20.970158_85.69672,DHENKANAL,KANKANA,0,7.018225126199166,23.0,8,4,0.0,7.019014315375369,7282.134421169671,7283.088000000001
20.970671_85.695629,DHENKANAL,KANKANA,4,4.093387002886751,28.0,6,4,0.0,4.104862495017936,399.31975221756545,401.91900000000004
20.971334_85.696502,DHENKANAL,KANKANA,4,4.335539262362724,28.0,6,3,0.0,6.024001912502988,1664.3628173834954,2507.169
20.972437_85.695593,DHENKANAL,KANKANA,4,7.582366589327148,18.0,4,3,0.0,8.4,944.9824746081285,1063.234
21.018825_85.612578,DHENKANAL,BALIKUMA,3,15.20670179388992,73.0,25,11,0.2095109319894199,15.236155816993465,7609.595716581247,7627.929
21.018991_85.615656,DHENKANAL,BALIKUMA,3,17.215504436487706,48.0,40,13,0.1607829157939128,17.252651546636585,13403.233532483968,13441.034
21.019655_85.619941,DHENKANAL,BALIKUMA,3,15.29434327063709,83.0,28,9,0.4644180038738509,15.430992508483179,8466.008465358735,8555.831
21.019794_85.61085,DHENKANAL,BALIKUMA,1,14.378499350558322,73.0,11,7,0.5330773181694178,14.825926709162864,2634.093885642414,2736.143
21.019849_85.61665,DHENKANAL,BALIKUMA,3,16.414673371920223,78.0,41,14,0.1895227312823837,16.47737176345117,14773.796324919822,14844.247
21.021416_85.610006,DHENKANAL,BALIKUMA,1,13.280222455055304,58.0,8,5,0.0,13.324270601806264,5656.844142315235,5680.367
21.02179_85.618937,DHENKANAL,BALIKUMA,1,13.593771435989966,63.0,7,3,0.8813711790419819,13.83617014587525,2531.2002149335035,2592.829
21.021861_85.613366,DHENKANAL,BALIKUMA,1,16.491767795073297,43.0,13,5,0.4574958440380838,17.11456893487619,4029.962314029882,4212.511
21.022286_85.61525,DHENKANAL,BALIKUMA,1,15.42478356110267,48.0,9,8,0.0272195230705316,15.757771499972835,2929.5650374925176,3005.4030000000002
21.023003_85.611504,DHENKANAL,BALIKUMA,1,14.373930771645073,48.0,8,6,0.1196072277272116,14.498657718120807,4387.106006328095,4437.041
21.023941_85.616045,DHENKANAL,BALIKUMA,1,15.43706660981443,53.0,10,7,0.1868337628149274,15.884228998849252,4149.169366405712,4292.49
21.040585_85.690666,DHENKANAL,NUA SAHI,1,19.89096746109479,28.0,5,4,0.3805637174883012,20.630161783007125,703.3852709946316,731.237
21.041399_85.688028,DHENKANAL,NUA SAHI,1,15.862085668811844,38.0,6,5,0.0012581702430155,16.01619282750897,3126.519279568738,3162.428
21.043315_85.689977,DHENKANAL,NUA SAHI,1,28.15037894318758,38.0,5,4,0.3973606495608003,28.250037896013335,1049.9451595772334,1053.876
21.043929_85.684979,DHENKANAL,HADI SAHI,1,36.50574396652394,28.0,4,2,0.6304130984818997,36.5699835476205,1305.9458855405471,1308.382
21.044343_85.521868,DHENKANAL,ADHAPALLI,4,5.878453167682247,13.0,11,7,0.2476273939616016,5.888571428571429,668.4507609859604,671.667
21.044772_85.519605,DHENKANAL,ADHAPALLI,0,6.351678543423419,8.0,17,9,0.1217549578350735,6.372428838562227,766.0127411012922,771.059
21.045566_85.52362,DHENKANAL,ADHAPALLI,4,6.907993653417443,8.0,12,7,0.1010937642180531,6.939235633764092,578.8465280252233,586.191
21.046197_85.525567,DHENKANAL,ADHAPALLI,0,6.370278505348436,2.5,14,11,0.1540205284267519,6.379749822987963,674.3394938803605,676.845
21.046237_85.520861,DHENKANAL,ADHAPALLI,4,9.38093060016091,8.0,6,5,0.1637610410321159,9.415838773772354,280.35143225637364,282.316
21.046252_85.683699,DHENKANAL,NUA SAHI,1,26.597204171116207,53.0,8,4,0.2486223671829512,26.640714976735612,1727.3881748478861,1730.318
21.047075_85.526962,DHENKANAL,ADHAPALLI,4,7.79939911347057,2.5,5,4,0.0,7.815947712418302,304.3838286632498,306.043
21.047435_85.691744,DHENKANAL,NUA SAHI,1,18.974618693032824,38.0,6,3,0.4685710762539198,19.016199260264994,1699.6952147498962,1703.694
21.047558_85.52488,DHENKANAL,ADHAPALLI,4,7.476053034161575,8.0,7,5,0.0,7.4944700460829505,345.36622650941285,347.791
21.047646_85.527402,DHENKANAL,ADHAPALLI,4,6.719976114086072,2.5,7,6,0.0,6.731429897864438,342.8197474199426,344.552
21.047655_85.526258,DHENKANAL,ADHAPALLI,4,8.182087863447416,8.0,8,5,0.0,8.203141361256543,379.9824266319001,382.257
21.048412_85.523557,DHENKANAL,ADHAPALLI,4,6.837801610454561,2.5,7,7,0.0026422896983666,6.857779980178393,321.1746751594448,324.203
21.048834_85.524919,DHENKANAL,ADHAPALLI,4,8.312693681278077,2.5,7,5,0.2506852270832697,8.331584948688713,348.9472127289805,350.77
21.049949_85.690852,DHENKANAL,NUA SAHI,1,18.076680005649457,63.0,10,6,0.1684760604491313,18.52395117051688,2059.9424284384013,2112.882
21.050477_85.686889,DHENKANAL,NUA SAHI,1,17.990523570005614,58.0,7,3,0.3199753458731854,19.41039801942487,1671.445212351085,1807.542
21.052047_85.690007,DHENKANAL,NUA SAHI,1,18.60928541882768,83.0,5,3,0.6660629625622849,21.980716671727908,524.0972276016114,625.244
21.074972_85.389524,DHENKANAL,MAHABIR ROAD,0,11.029249143101971,23.0,21,3,0.903598971722365,12.946456692913387,1263.292360791919,1485.871
21.075714_85.392354,DHENKANAL,KANKADAHAD,1,15.5566237464657,58.0,13,4,0.6525497853989951,17.9711420191125,841.0542967691209,978.027
21.076582_85.388847,DHENKANAL,BURUGI BHUIN,3,15.411150644604604,13.0,25,1,0.9682773322505328,16.023778071334213,1506.0036490070595,1567.835
21.077312_85.39015,DHENKANAL,BURUGI BHUIN,3,13.567694507276684,8.0,32,3,0.9178438820366182,13.585470085470083,1862.1128341751753,1864.58
21.077442_85.388795,DHENKANAL,BURUGI BHUIN,3,22.77771015322927,48.0,29,4,0.467840265133692,22.92336596765393,7729.91685355872,7779.653
21.077809_85.392112,DHENKANAL,BURUGI BHUIN,1,29.722572451099364,73.0,18,8,0.1031078384993521,29.741502563414862,7714.319669135713,7737.955
21.078879_85.387094,DHENKANAL,BURUGI BHUIN,3,20.21003336780071,78.0,25,4,0.9003216249992071,20.230789747758273,3132.726322349322,3136.0879999999997
21.078934_85.390421,DHENKANAL,BURUGI BHUIN,1,45.51645383104125,78.0,9,5,0.0790275049115913,46.21150296802514,1595.289572081613,1620.197
21.079134_85.389512,DHENKANAL,BURUGI BHUIN,1,23.860268829727467,78.0,10,5,0.2018689283805817,24.052092689060537,5759.101193251779,5807.803
21.106127_85.565469,DHENKANAL,BALI SAHI,4,13.213614305911122,23.0,7,2,0.9063467196515226,13.462439024390244,2039.172708364909,2082.621
21.106491_85.565027,DHENKANAL,BALI SAHI,0,14.197396698417004,23.0,9,2,0.9194942544320532,14.498266897746966,2295.81005410059,2347.614
21.107106_85.56567,DHENKANAL,BALI SAHI,1,21.40606226972159,33.0,9,2,0.8606983383354072,21.836887206058194,3194.558017740523,3261.3230000000003
21.10777_85.564995,DHENKANAL,BALI SAHI,1,22.34550114644602,33.0,15,2,0.9744990529358988,22.397973054011914,3980.942591557578,3991.208
21.108009_85.565539,DHENKANAL,BALI SAHI,1,30.635896252538306,33.0,9,3,0.6398606239616023,31.149714393173642,3385.30521703616,3448.569
21.108207_85.564337,DHENKANAL,BALI SAHI,1,17.410669184468315,33.0,13,3,0.8257287855541131,17.473933649289098,3358.1692992389917,3371.299
21.108502_85.564922,DHENKANAL,BALI SAHI,1,18.128130870381963,28.0,7,1,0.9959820496764766,18.31179530511473,3013.6784249165844,3050.045
21.109137_85.564208,DHENKANAL,BALI SAHI,1,17.083709057154223,28.0,6,2,0.9037704990496396,17.272930648769577,1778.5564890519306,1800.281
21.109653_85.563835,DHENKANAL,BALI SAHI,0,12.563548839581742,23.0,8,3,0.7887018617699568,12.777597402597404,2450.9861236151883,2496.187
21.110522_85.56385,DHENKANAL,BALI SAHI,0,14.249313122996856,23.0,8,3,0.8859125525596165,14.56777108433735,2641.9720553254624,2706.351
21.154502_85.365229,DHENKANAL,RAIJHARANA,0,12.067473539536556,83.0,18,5,0.0489647022555618,12.249859688050645,6096.82798249278,6195.264999999999
21.155752_85.365857,DHENKANAL,RAIJHARANA,0,8.44576833063423,68.0,20,8,0.1433046162281258,9.560600046696242,6816.606212625878,7837.546
21.156085_85.364999,DHENKANAL,RAIJHARANA,0,16.19180733221304,8.0,22,6,0.8553791282279914,16.479229211757314,2279.576249905217,2320.399
21.156_85.367028,DHENKANAL,RAIJHARANA,0,9.77411570282954,88.0,16,4,0.7420256999692788,9.776047130127042,7510.283032091904,7511.875
21.157913_85.365213,DHENKANAL,RAIJHARANA,0,9.246429792429794,68.0,16,5,0.0287179487179487,9.250970318040935,2849.907988475024,2851.359
21.158187_85.36696,DHENKANAL,RAIJHARANA,0,10.0648118202772,78.0,14,4,0.9335678010057332,10.244733493567086,14071.286406112196,14345.153
21.158748_85.364022,DHENKANAL,RAIJHARANA,0,14.024296478648514,58.0,14,5,0.5791766797569506,14.111191241067331,6068.975867451699,6109.52
21.15983_85.365755,DHENKANAL,RAIJHARANA,1,12.655900229426674,88.0,8,3,0.6486048215637049,12.65781253754295,6623.869576541592,6624.9039999999995
21.160104_85.363229,DHENKANAL,RAIJHARANA,1,15.977987902450012,68.0,15,6,0.052913876518646,16.08642885498781,4209.568667309085,4239.511
21.161816_85.365742,DHENKANAL,RAIJHARANA,1,13.664723668214831,68.0,4,2,0.9747825815903496,13.669452413621054,2551.8903575354507,2552.925
21.574184_85.390018,KENDUJHAR,BHANRADI SAHI,2,0.1606924231057764,2.5,0,0,0.0600150037509377,0.0,0.0,10.608
21.574526_85.389458,KENDUJHAR,BHANRADI SAHI,2,2.4402926829268283,63.0,2,2,0.48390243902439,2.5,77.03099245647735,81.566
21.574774_85.38847,KENDUJHAR,BHANRADI SAHI,2,2.729964722340491,2.5,0,0,0.00608235508789,0.0,0.0,52.332
21.574844_85.390232,KENDUJHAR,JAKARBANDHA SAHI,4,7.951991295987043,63.0,1,1,0.0065280097161074,8.0,1559.7184423005742,1572.529
21.575176_85.390956,KENDUJHAR,BHANRADI SAHI,4,4.02185476815398,8.0,11,5,0.106846019247594,4.719880904046556,587.9979372530073,727.6560000000001
21.57564_85.38927,KENDUJHAR,BHANRADI SAHI,4,7.020603324440797,73.0,6,1,0.0,7.026626124830505,3873.353850027457,3877.81
21.575764_85.387851,KENDUJHAR,BHANRADI SAHI,1,18.09823608213183,38.0,4,2,0.619754926654388,19.861677602411774,448.73736204759894,500.765
21.614841_85.407242,KENDUJHAR,BHANRADI SAHI,4,9.500829762368522,83.0,2,2,0.0024931827035449,9.557692307692307,2027.633974990747,2042.754
21.6178_85.381345,KENDUJHAR,TUNKULSAHI,2,0.7566037735849059,18.0,0,0,0.0,0.0,0.0,8.435
21.618997_85.379154,KENDUJHAR,TUNKULSAHI,1,14.97533550561439,63.0,1,1,0.0,15.0,4973.5919716217295,4982.107999999999
21.621938_85.383944,KENDUJHAR,TUNKULSAHI,2,0.8264711359404098,2.5,0,0,0.0,0.0,0.0,21.366
21.62195_85.383933,KENDUJHAR,TUNKULSAHI,4,12.528477257839086,23.0,4,2,0.0,12.654850902861353,1662.9662327578644,1682.463
