section,null,partition,variable,r2_all,k_all,n_all,r2_restricted,k_restricted,n_restricted,observed_vs_null,null_median,null_p5,null_p95,excess,percentile,measure,subset,band,n_same,n_diff,diff,perm_p,beta_same,n_pairs,field_type,statistic,observed,n
6.1,rotation,"6.1 v120 / stands_merged vs ROTATION null (observed = vector join, restricted R2)",loreys_h_m,0.7641142917766834,38.0,60.0,0.6327528000639612,13.0,35.0,0.6327528000639612,0.7395964909969588,0.5636229173493335,0.8561862940889448,-0.10684369093299761,16.616616616616618,,,,,,,,,,,,,
6.1,rotation,"6.1 v120 / stands_merged vs ROTATION null (observed = vector join, restricted R2)",loreys_h_tree_m,0.761722284946334,38.0,60.0,0.6290203994086041,13.0,35.0,0.6290203994086041,0.7429654142057653,0.5722712466169315,0.8554614167499224,-0.11394501479716124,15.115115115115115,,,,,,,,,,,,,
6.1,rotation,"6.1 v120 / stands_merged vs ROTATION null (observed = vector join, restricted R2)",crown_cover_pct,0.8549934726619027,38.0,60.0,0.7799172902207975,13.0,35.0,0.7799172902207975,0.7893529214133369,0.6323345817726971,0.9288768022845976,-0.009435631192539429,46.046046046046044,,,,,,,,,,,,,
6.1,rotation,"6.1 v120 / stands_merged vs ROTATION null (observed = vector join, restricted R2)",sal_ba_frac,0.7390999532008753,38.0,60.0,0.6127411811394756,13.0,35.0,0.6127411811394756,0.7531464817258751,0.6234451909607096,0.8692428383885044,-0.14040530058639944,3.5035035035035036,,,,,,,,,,,,,
6.1,rotation,"6.1 v120 / stands_merged vs ROTATION null (observed = vector join, restricted R2)",n_species,0.9304911095437841,38.0,60.0,0.8901777934177895,13.0,35.0,0.8901777934177895,0.7612624186365193,0.5881617670862959,0.9082224679486292,0.12891537478127013,91.49149149149149,,,,,,,,,,,,,
6.1,rotation,"6.1 v120 / stands_merged vs ROTATION null (observed = vector join, restricted R2)",dbh_mean_cm,0.7357050730184029,38.0,60.0,0.6005403113062691,13.0,35.0,0.6005403113062691,0.7724976051257493,0.6244466049764991,0.9018613800016038,-0.17195729381948022,3.003003003003003,,,,,,,,,,,,,
6.1,rotation,"6.1 v120 / stands_merged vs ROTATION null (observed = vector join, restricted R2)",h_top5_m,0.7797397375311576,38.0,60.0,0.7046689670838071,13.0,35.0,0.7046689670838071,0.7581906399784633,0.6268424999050017,0.884559423759383,-0.05352167289465615,24.724724724724723,,,,,,,,,,,,,
6.2,rotation,v120 / stands_merged,,,,,,,,,,,,,60.66066066066066,Bray-Curtis,all pairs,0-100,9.0,5.0,0.06687683418063878,0.3156,,,,,,
6.2,rotation,v120 / stands_merged,,,,,,,,,,,,,89.5895895895896,Bray-Curtis,all pairs,100-200,17.0,20.0,0.2012605622245841,0.0274,,,,,,
6.2,rotation,v120 / stands_merged,,,,,,,,,,,,,75.87587587587588,Bray-Curtis,all pairs,200-400,18.0,88.0,0.08592501192900664,0.1086,,,,,,
6.2,rotation,v120 / stands_merged,,,,,,,,,,,,,84.07643312101911,Bray-Curtis,all pairs,400-800,2.0,90.0,0.23251864239462966,0.1037,,,,,,
6.2,rotation,v120 / stands_merged,,,,,,,,,,,,,87.38738738738739,Bray-Curtis,all pairs,regression,46.0,,,,-0.1424580881132287,249.0,,,,
6.2,rotation,v120 / stands_merged,,,,,,,,,,,,,,Bray-Curtis,both > 30 m from boundary,0-100,2.0,0.0,,,,,,,,
6.2,rotation,v120 / stands_merged,,,,,,,,,,,,,,Bray-Curtis,both > 30 m from boundary,100-200,4.0,0.0,,,,,,,,
6.2,rotation,v120 / stands_merged,,,,,,,,,,,,,61.69590643274854,Bray-Curtis,both > 30 m from boundary,200-400,2.0,1.0,0.10714518824618724,0.667,,,,,,
6.2,rotation,v120 / stands_merged,,,,,,,,,,,,,18.181818181818183,Bray-Curtis,both > 30 m from boundary,400-800,1.0,3.0,-0.18711108096579188,0.7424,,,,,,
6.2,rotation,v120 / stands_merged,,,,,,,,,,,,,22.050059594755663,Bray-Curtis,both > 30 m from boundary,regression,9.0,,,,0.06669339140345953,13.0,,,,
6.2,rotation,v120 / stands_merged,,,,,,,,,,,,,70.47047047047047,|dLorey| m,all pairs,0-100,9.0,5.0,2.44188614317238,0.2469,,,,,,
6.2,rotation,v120 / stands_merged,,,,,,,,,,,,,16.216216216216218,|dLorey| m,all pairs,100-200,17.0,20.0,-1.749195572125279,0.7887,,,,,,
6.2,rotation,v120 / stands_merged,,,,,,,,,,,,,11.21121121121121,|dLorey| m,all pairs,200-400,18.0,88.0,-2.529268058499526,0.9477,,,,,,
6.2,rotation,v120 / stands_merged,,,,,,,,,,,,,37.367303609341825,|dLorey| m,all pairs,400-800,2.0,90.0,0.020205118317752735,0.6482,,,,,,
6.2,rotation,v120 / stands_merged,,,,,,,,,,,,,11.21121121121121,|dLorey| m,all pairs,regression,46.0,,,,1.3416265741985987,249.0,,,,
6.2,rotation,v120 / stands_merged,,,,,,,,,,,,,,|dLorey| m,both > 30 m from boundary,0-100,2.0,0.0,,,,,,,,
6.2,rotation,v120 / stands_merged,,,,,,,,,,,,,,|dLorey| m,both > 30 m from boundary,100-200,4.0,0.0,,,,,,,,
6.2,rotation,v120 / stands_merged,,,,,,,,,,,,,5.847953216374269,|dLorey| m,both > 30 m from boundary,200-400,2.0,1.0,-8.098159851847534,1.0,,,,,,
6.2,rotation,v120 / stands_merged,,,,,,,,,,,,,31.818181818181817,|dLorey| m,both > 30 m from boundary,400-800,1.0,3.0,0.29426134322899067,0.5007,,,,,,
6.2,rotation,v120 / stands_merged,,,,,,,,,,,,,15.852205005959476,|dLorey| m,both > 30 m from boundary,regression,9.0,,,,3.456957016396888,13.0,,,,
6.3,rotation,v120 / stands_merged,,,,,,,,,0.0,,,,50.0,,,,,,,,,,UPGMA k=6,ari,0.0,60.0
6.3,rotation,v120 / stands_merged,,,,,,,,,0.0,,,,50.0,,,,,,,,,,UPGMA k=6,nmi,0.0,60.0
6.3,rotation,v120 / stands_merged,,,,,,,,,,,,,,,,,,,,,,,UPGMA k=6,cramers_v,,60.0
6.3,rotation,v120 / stands_merged,,,,,,,,,-0.0222778759246417,,,,8.608608608608609,,,,,,,,,,UPGMA k=6,distant_diff_bc,-0.05347132258980114,60.0
6.3,rotation,v120 / stands_merged,,,,,,,,,2.5867524528137027,,,,48.248248248248245,,,,,,,,,,UPGMA k=6,distant_diff_lorey,2.5604096316896774,60.0
6.3,rotation,v120 / stands_merged,,,,,,,,,0.09191626449865874,,,,83.78378378378379,,,,,,,,,,Sal-dominant rule,ari,0.1315102926894293,60.0
6.3,rotation,v120 / stands_merged,,,,,,,,,0.12773026128266912,,,,86.48648648648648,,,,,,,,,,Sal-dominant rule,nmi,0.1817852022587393,60.0
6.3,rotation,v120 / stands_merged,,,,,,,,,0.5150575206566753,,,,77.17717717717717,,,,,,,,,,Sal-dominant rule,cramers_v,0.572142411271451,60.0
6.3,rotation,v120 / stands_merged,,,,,,,,,-0.0222778759246417,,,,8.608608608608609,,,,,,,,,,Sal-dominant rule,distant_diff_bc,-0.05347132258980114,60.0
6.3,rotation,v120 / stands_merged,,,,,,,,,2.5867524528137027,,,,48.248248248248245,,,,,,,,,,Sal-dominant rule,distant_diff_lorey,2.5604096316896774,60.0
6.1,rotation,"6.1 v120 / stands_snic vs ROTATION null (observed = vector join, restricted R2)",loreys_h_m,0.9703761196109483,54.0,60.0,0.7984092544487436,4.0,10.0,0.7984092544487436,0.7611099915253157,0.37737139761551125,0.926594968584359,0.03729926292342789,64.92985971943888,,,,,,,,,,,,,
6.1,rotation,"6.1 v120 / stands_snic vs ROTATION null (observed = vector join, restricted R2)",loreys_h_tree_m,0.9694499223411095,54.0,60.0,0.792510897389652,4.0,10.0,0.792510897389652,0.7626171985618097,0.37132358192196835,0.9250461082654791,0.02989369882784232,62.92585170340681,,,,,,,,,,,,,
6.1,rotation,"6.1 v120 / stands_snic vs ROTATION null (observed = vector join, restricted R2)",crown_cover_pct,0.9992445756994167,54.0,60.0,0.9945890959461506,4.0,10.0,0.9945890959461506,0.8890145128764587,0.11105283605283611,0.992098237493584,0.10557458306969192,96.49298597194388,,,,,,,,,,,,,
6.1,rotation,"6.1 v120 / stands_snic vs ROTATION null (observed = vector join, restricted R2)",sal_ba_frac,0.9551796960885172,54.0,60.0,0.7743673852136892,4.0,10.0,0.7743673852136892,0.8400015922474536,0.211339206616122,0.9849753334168108,-0.06563420703376444,35.07014028056112,,,,,,,,,,,,,
6.1,rotation,"6.1 v120 / stands_snic vs ROTATION null (observed = vector join, restricted R2)",n_species,0.9884925201380897,54.0,60.0,0.7429519071310116,4.0,10.0,0.7429519071310116,0.805897695986089,0.2803571428571429,0.9737073433365695,-0.0629457888550774,35.02004008016032,,,,,,,,,,,,,
6.1,rotation,"6.1 v120 / stands_snic vs ROTATION null (observed = vector join, restricted R2)",dbh_mean_cm,0.955056654268914,54.0,60.0,0.6916237693141376,4.0,10.0,0.6916237693141376,0.8544839167135443,0.1403114851371653,0.9782601837757505,-0.16286014739940669,20.440881763527056,,,,,,,,,,,,,
6.1,rotation,"6.1 v120 / stands_snic vs ROTATION null (observed = vector join, restricted R2)",h_top5_m,0.9616335301948116,54.0,60.0,0.829798100270953,4.0,10.0,0.829798100270953,0.7768413556367296,0.424284680865324,0.9647975087903263,0.052956744634223396,68.00401203610832,,,,,,,,,,,,,
6.2,rotation,v120 / stands_snic,,,,,,,,,,,,,64.17004048582996,Bray-Curtis,all pairs,0-100,6.0,8.0,0.11952892524184727,0.1863,,,,,,
6.2,rotation,v120 / stands_snic,,,,,,,,,,,,,90.12074643249177,Bray-Curtis,all pairs,100-200,1.0,36.0,0.3379575909992487,0.2186,,,,,,
6.2,rotation,v120 / stands_snic,,,,,,,,,,,,,22.43243243243243,Bray-Curtis,all pairs,200-400,1.0,105.0,-0.23534807167400218,0.81,,,,,,
6.2,rotation,v120 / stands_snic,,,,,,,,,,,,,,Bray-Curtis,all pairs,400-800,0.0,92.0,,,,,,,,
6.2,rotation,v120 / stands_snic,,,,,,,,,,,,,66.53306613226452,Bray-Curtis,all pairs,regression,8.0,,,,-0.16075768814962602,249.0,,,,
6.2,rotation,v120 / stands_snic,,,,,,,,,,,,,,Bray-Curtis,both > 30 m from boundary,0-100,0.0,0.0,,,,,,,,
6.2,rotation,v120 / stands_snic,,,,,,,,,,,,,,Bray-Curtis,both > 30 m from boundary,100-200,0.0,0.0,,,,,,,,
6.2,rotation,v120 / stands_snic,,,,,,,,,,,,,,Bray-Curtis,both > 30 m from boundary,200-400,0.0,1.0,,,,,,,,
6.2,rotation,v120 / stands_snic,,,,,,,,,,,,,,Bray-Curtis,both > 30 m from boundary,400-800,0.0,0.0,,,,,,,,
6.2,rotation,v120 / stands_snic,,,,,,,,,,,,,,Bray-Curtis,both > 30 m from boundary,regression,0.0,,,,,1.0,,,,
6.2,rotation,v120 / stands_snic,,,,,,,,,,,,,46.25506072874494,|dLorey| m,all pairs,0-100,6.0,8.0,0.9910470233686928,0.4085,,,,,,
6.2,rotation,v120 / stands_snic,,,,,,,,,,,,,58.8364434687157,|dLorey| m,all pairs,100-200,1.0,36.0,2.128899480648835,0.5024,,,,,,
6.2,rotation,v120 / stands_snic,,,,,,,,,,,,,29.45945945945946,|dLorey| m,all pairs,200-400,1.0,105.0,0.8698124721326739,0.6581,,,,,,
6.2,rotation,v120 / stands_snic,,,,,,,,,,,,,,|dLorey| m,all pairs,400-800,0.0,92.0,,,,,,,,
6.2,rotation,v120 / stands_snic,,,,,,,,,,,,,47.294589178356716,|dLorey| m,all pairs,regression,8.0,,,,-0.484733739014256,249.0,,,,
6.2,rotation,v120 / stands_snic,,,,,,,,,,,,,,|dLorey| m,both > 30 m from boundary,0-100,0.0,0.0,,,,,,,,
6.2,rotation,v120 / stands_snic,,,,,,,,,,,,,,|dLorey| m,both > 30 m from boundary,100-200,0.0,0.0,,,,,,,,
6.2,rotation,v120 / stands_snic,,,,,,,,,,,,,,|dLorey| m,both > 30 m from boundary,200-400,0.0,1.0,,,,,,,,
6.2,rotation,v120 / stands_snic,,,,,,,,,,,,,,|dLorey| m,both > 30 m from boundary,400-800,0.0,0.0,,,,,,,,
6.2,rotation,v120 / stands_snic,,,,,,,,,,,,,,|dLorey| m,both > 30 m from boundary,regression,0.0,,,,,1.0,,,,
6.1,rotation,"6.1 v120 / stands_dissolved vs ROTATION null (observed = vector join, restricted R2)",loreys_h_m,0.5187609150624892,8.0,60.0,0.5183754543765606,7.0,59.0,0.5183754543765606,0.5171296963893339,0.49620060659222914,0.5554320596413322,0.0012457579872267033,54.85485485485486,,,,,,,,,,,,,
6.1,rotation,"6.1 v120 / stands_dissolved vs ROTATION null (observed = vector join, restricted R2)",loreys_h_tree_m,0.5513845310771144,8.0,60.0,0.551021929505255,7.0,59.0,0.551021929505255,0.5482752793825508,0.526937620387506,0.5852949328572028,0.0027466501227041418,61.06106106106106,,,,,,,,,,,,,
6.1,rotation,"6.1 v120 / stands_dissolved vs ROTATION null (observed = vector join, restricted R2)",crown_cover_pct,0.6258851900384185,8.0,60.0,0.6224480083864488,7.0,59.0,0.6224480083864488,0.6274478503725424,0.6006553373926183,0.6644007504616464,-0.0049998419860936005,38.93893893893894,,,,,,,,,,,,,
6.1,rotation,"6.1 v120 / stands_dissolved vs ROTATION null (observed = vector join, restricted R2)",sal_ba_frac,0.5068875083839535,8.0,60.0,0.4908465303626457,7.0,59.0,0.4908465303626457,0.5224333236819619,0.48931687617657127,0.5788220266057765,-0.03158679331931624,6.306306306306307,,,,,,,,,,,,,
6.1,rotation,"6.1 v120 / stands_dissolved vs ROTATION null (observed = vector join, restricted R2)",n_species,0.49381872690087547,8.0,60.0,0.4831656506032084,7.0,59.0,0.4831656506032084,0.4941224498926271,0.4649954238875343,0.5469679407481101,-0.010956799289418728,26.626626626626628,,,,,,,,,,,,,
6.1,rotation,"6.1 v120 / stands_dissolved vs ROTATION null (observed = vector join, restricted R2)",dbh_mean_cm,0.5617742251279363,8.0,60.0,0.5607412215306423,7.0,59.0,0.5607412215306423,0.5735764434148106,0.5343384313810603,0.6894144395013755,-0.012835221884168302,30.93093093093093,,,,,,,,,,,,,
6.1,rotation,"6.1 v120 / stands_dissolved vs ROTATION null (observed = vector join, restricted R2)",h_top5_m,0.5903694300282629,8.0,60.0,0.5903692955847403,7.0,59.0,0.5903692955847403,0.5888724768285838,0.5698367826335481,0.6477625593495232,0.0014968187561564816,52.852852852852855,,,,,,,,,,,,,
6.2,rotation,v120 / stands_dissolved,,,,,,,,,,,,,1.1406844106463878,Bray-Curtis,all pairs,0-100,12.0,2.0,-0.30671524812306855,0.9892,,,,,,
6.2,rotation,v120 / stands_dissolved,,,,,,,,,,,,,46.91919191919192,Bray-Curtis,all pairs,100-200,34.0,3.0,-0.02092881534576868,0.5168,,,,,,
6.2,rotation,v120 / stands_dissolved,,,,,,,,,,,,,39.97995991983968,Bray-Curtis,all pairs,200-400,88.0,18.0,-0.0726748380733136,0.8469,,,,,,
6.2,rotation,v120 / stands_dissolved,,,,,,,,,,,,,4.513540621865597,Bray-Curtis,all pairs,400-800,86.0,6.0,-0.08292387605818985,0.7823,,,,,,
6.2,rotation,v120 / stands_dissolved,,,,,,,,,,,,,24.148296593186373,Bray-Curtis,all pairs,regression,220.0,,,,0.07153345840855276,249.0,,,,
6.2,rotation,v120 / stands_dissolved,,,,,,,,,,,,,,Bray-Curtis,both > 30 m from boundary,0-100,8.0,0.0,,,,,,,,
6.2,rotation,v120 / stands_dissolved,,,,,,,,,,,,,,Bray-Curtis,both > 30 m from boundary,100-200,22.0,0.0,,,,,,,,
6.2,rotation,v120 / stands_dissolved,,,,,,,,,,,,,28.35978835978836,Bray-Curtis,both > 30 m from boundary,200-400,76.0,5.0,-0.04967432059811039,0.6822,,,,,,
6.2,rotation,v120 / stands_dissolved,,,,,,,,,,,,,65.40084388185655,Bray-Curtis,both > 30 m from boundary,400-800,73.0,4.0,0.09311738204102404,0.24,,,,,,
6.2,rotation,v120 / stands_dissolved,,,,,,,,,,,,,38.98840885142255,Bray-Curtis,both > 30 m from boundary,regression,179.0,,,,-0.020534470106087527,188.0,,,,
6.2,rotation,v120 / stands_dissolved,,,,,,,,,,,,,31.812420785804814,|dLorey| m,all pairs,0-100,12.0,2.0,-2.1624963659339516,0.6754,,,,,,
6.2,rotation,v120 / stands_dissolved,,,,,,,,,,,,,98.53535353535354,|dLorey| m,all pairs,100-200,34.0,3.0,5.313199243805023,0.0975,,,,,,
6.2,rotation,v120 / stands_dissolved,,,,,,,,,,,,,28.75751503006012,|dLorey| m,all pairs,200-400,88.0,18.0,-2.010535329550058,0.9284,,,,,,
6.2,rotation,v120 / stands_dissolved,,,,,,,,,,,,,57.973921765295884,|dLorey| m,all pairs,400-800,86.0,6.0,-0.9999394848259184,0.5615,,,,,,
6.2,rotation,v120 / stands_dissolved,,,,,,,,,,,,,49.098196392785574,|dLorey| m,all pairs,regression,220.0,,,,1.0814726905331615,249.0,,,,
6.2,rotation,v120 / stands_dissolved,,,,,,,,,,,,,,|dLorey| m,both > 30 m from boundary,0-100,8.0,0.0,,,,,,,,
6.2,rotation,v120 / stands_dissolved,,,,,,,,,,,,,,|dLorey| m,both > 30 m from boundary,100-200,22.0,0.0,,,,,,,,
6.2,rotation,v120 / stands_dissolved,,,,,,,,,,,,,48.783068783068785,|dLorey| m,both > 30 m from boundary,200-400,76.0,5.0,-2.025149997880893,0.7078,,,,,,
6.2,rotation,v120 / stands_dissolved,,,,,,,,,,,,,72.8902953586498,|dLorey| m,both > 30 m from boundary,400-800,73.0,4.0,-0.6087290976261777,0.4448,,,,,,
6.2,rotation,v120 / stands_dissolved,,,,,,,,,,,,,64.38356164383562,|dLorey| m,both > 30 m from boundary,regression,179.0,,,,1.2958478491160272,188.0,,,,
6.1,rotation,"6.1 current / stands_merged vs ROTATION null (observed = vector join, restricted R2)",loreys_h_m,0.8983856344682913,39.0,60.0,0.6406918084922193,11.0,32.0,0.6406918084922193,0.7320925550137101,0.5571266833831127,0.8541891081904832,-0.09140074652149077,21.82182182182182,,,,,,,,,,,,,
6.1,rotation,"6.1 current / stands_merged vs ROTATION null (observed = vector join, restricted R2)",loreys_h_tree_m,0.8985743847111276,39.0,60.0,0.6533713350445672,11.0,32.0,0.6533713350445672,0.738966432871687,0.5657059802770815,0.8539196155240885,-0.08559509782711971,23.823823823823822,,,,,,,,,,,,,
6.1,rotation,"6.1 current / stands_merged vs ROTATION null (observed = vector join, restricted R2)",crown_cover_pct,0.8687012761162378,39.0,60.0,0.7303938932590354,11.0,32.0,0.7303938932590354,0.778656874208466,0.6323500449669738,0.9340884851375193,-0.0482629809494306,27.92792792792793,,,,,,,,,,,,,
6.1,rotation,"6.1 current / stands_merged vs ROTATION null (observed = vector join, restricted R2)",sal_ba_frac,0.8655937075037851,39.0,60.0,0.763397346813985,11.0,32.0,0.763397346813985,0.7403546928775138,0.6117279560150095,0.8689890263275851,0.023042653936471202,61.26126126126126,,,,,,,,,,,,,
6.1,rotation,"6.1 current / stands_merged vs ROTATION null (observed = vector join, restricted R2)",n_species,0.8949478451315936,39.0,60.0,0.8585707146426786,11.0,32.0,0.8585707146426786,0.7565603408155228,0.5793538853183432,0.8913941110626803,0.10201037382715583,85.88588588588588,,,,,,,,,,,,,
6.1,rotation,"6.1 current / stands_merged vs ROTATION null (observed = vector join, restricted R2)",dbh_mean_cm,0.9544580008366214,39.0,60.0,0.9068678342441856,11.0,32.0,0.9068678342441856,0.7720166374416118,0.6232527929294537,0.9098816117801055,0.13485119680257385,94.29429429429429,,,,,,,,,,,,,
6.1,rotation,"6.1 current / stands_merged vs ROTATION null (observed = vector join, restricted R2)",h_top5_m,0.8633327991003764,39.0,60.0,0.6435124173868436,11.0,32.0,0.6435124173868436,0.7579119145479951,0.6328909728884413,0.8806566294262426,-0.1143994971611515,6.506506506506507,,,,,,,,,,,,,
6.2,rotation,current / stands_merged,,,,,,,,,,,,,71.37137137137137,Bray-Curtis,all pairs,0-100,11.0,3.0,0.09430418744952979,0.27,,,,,,
6.2,rotation,current / stands_merged,,,,,,,,,,,,,98.49849849849849,Bray-Curtis,all pairs,100-200,20.0,17.0,0.281625991345818,0.0035,,,,,,
6.2,rotation,current / stands_merged,,,,,,,,,,,,,99.5995995995996,Bray-Curtis,all pairs,200-400,19.0,87.0,0.3152004338629798,0.0001,,,,,,
6.2,rotation,current / stands_merged,,,,,,,,,,,,,81.93668528864059,Bray-Curtis,all pairs,400-800,3.0,89.0,0.2623961888951943,0.0468,,,,,,
6.2,rotation,current / stands_merged,,,,,,,,,,,,,99.89989989989989,Bray-Curtis,all pairs,regression,53.0,,,,-0.28230882286897496,249.0,,,,
6.2,rotation,current / stands_merged,,,,,,,,,,,,,,Bray-Curtis,both > 30 m from boundary,0-100,1.0,0.0,,,,,,,,
6.2,rotation,current / stands_merged,,,,,,,,,,,,,,Bray-Curtis,both > 30 m from boundary,100-200,2.0,0.0,,,,,,,,
6.2,rotation,current / stands_merged,,,,,,,,,,,,,49.86666666666667,Bray-Curtis,both > 30 m from boundary,200-400,1.0,2.0,0.0007054708890857908,0.6715,,,,,,
6.2,rotation,current / stands_merged,,,,,,,,,,,,,,Bray-Curtis,both > 30 m from boundary,400-800,0.0,4.0,,,,,,,,
6.2,rotation,current / stands_merged,,,,,,,,,,,,,75.76923076923077,Bray-Curtis,both > 30 m from boundary,regression,4.0,,,,-0.22915554588514978,10.0,,,,
6.2,rotation,current / stands_merged,,,,,,,,,,,,,68.06806806806807,|dLorey| m,all pairs,0-100,11.0,3.0,2.194724533318456,0.2668,,,,,,
6.2,rotation,current / stands_merged,,,,,,,,,,,,,19.21921921921922,|dLorey| m,all pairs,100-200,20.0,17.0,-1.227186890528425,0.7008,,,,,,
6.2,rotation,current / stands_merged,,,,,,,,,,,,,32.132132132132135,|dLorey| m,all pairs,200-400,19.0,87.0,-0.8872661258516654,0.7303,,,,,,
6.2,rotation,current / stands_merged,,,,,,,,,,,,,57.91433891992551,|dLorey| m,all pairs,400-800,3.0,89.0,1.185625089901372,0.481,,,,,,
6.2,rotation,current / stands_merged,,,,,,,,,,,,,31.43143143143143,|dLorey| m,all pairs,regression,53.0,,,,0.37439633836893904,249.0,,,,
6.2,rotation,current / stands_merged,,,,,,,,,,,,,,|dLorey| m,both > 30 m from boundary,0-100,1.0,0.0,,,,,,,,
6.2,rotation,current / stands_merged,,,,,,,,,,,,,,|dLorey| m,both > 30 m from boundary,100-200,2.0,0.0,,,,,,,,
6.2,rotation,current / stands_merged,,,,,,,,,,,,,57.06666666666667,|dLorey| m,both > 30 m from boundary,200-400,1.0,2.0,0.9335470801953729,0.328,,,,,,
6.2,rotation,current / stands_merged,,,,,,,,,,,,,,|dLorey| m,both > 30 m from boundary,400-800,0.0,4.0,,,,,,,,
6.2,rotation,current / stands_merged,,,,,,,,,,,,,30.128205128205128,|dLorey| m,both > 30 m from boundary,regression,4.0,,,,1.1402921857847743,10.0,,,,
6.3,rotation,current / stands_merged,,,,,,,,,0.0,,,,50.0,,,,,,,,,,UPGMA k=6,ari,0.0,60.0
6.3,rotation,current / stands_merged,,,,,,,,,0.0,,,,50.0,,,,,,,,,,UPGMA k=6,nmi,0.0,60.0
6.3,rotation,current / stands_merged,,,,,,,,,,,,,,,,,,,,,,,UPGMA k=6,cramers_v,,60.0
6.3,rotation,current / stands_merged,,,,,,,,,-0.03890203122980174,,,,62.16216216216216,,,,,,,,,,UPGMA k=6,distant_diff_bc,-0.032155920493508794,60.0
6.3,rotation,current / stands_merged,,,,,,,,,-0.21771898303293824,,,,50.750750750750754,,,,,,,,,,UPGMA k=6,distant_diff_lorey,-0.17045187897039327,60.0
6.3,rotation,current / stands_merged,,,,,,,,,0.0656134005900828,,,,82.98298298298299,,,,,,,,,,Sal-dominant rule,ari,0.09224431764086094,60.0
6.3,rotation,current / stands_merged,,,,,,,,,0.114482478127367,,,,46.446446446446444,,,,,,,,,,Sal-dominant rule,nmi,0.11093493841488218,60.0
6.3,rotation,current / stands_merged,,,,,,,,,0.4823011290521383,,,,42.24224224224224,,,,,,,,,,Sal-dominant rule,cramers_v,0.4689009830104133,60.0
6.3,rotation,current / stands_merged,,,,,,,,,-0.03890203122980174,,,,62.16216216216216,,,,,,,,,,Sal-dominant rule,distant_diff_bc,-0.032155920493508794,60.0
6.3,rotation,current / stands_merged,,,,,,,,,-0.21771898303293824,,,,50.750750750750754,,,,,,,,,,Sal-dominant rule,distant_diff_lorey,-0.17045187897039327,60.0
6.1,rotation,"6.1 current / stands_snic vs ROTATION null (observed = vector join, restricted R2)",loreys_h_m,0.9196749084567761,49.0,60.0,0.46511764174112646,5.0,16.0,0.46511764174112646,0.7371529398066969,0.32700333426435046,0.9210805260223524,-0.2720352980655705,10.31031031031031,,,,,,,,,,,,,
6.1,rotation,"6.1 current / stands_snic vs ROTATION null (observed = vector join, restricted R2)",loreys_h_tree_m,0.9217529113535922,49.0,60.0,0.46841648146236226,5.0,16.0,0.46841648146236226,0.7382970901022792,0.3216775336043936,0.9215257298824738,-0.2698806086399169,10.21021021021021,,,,,,,,,,,,,
6.1,rotation,"6.1 current / stands_snic vs ROTATION null (observed = vector join, restricted R2)",crown_cover_pct,0.9153789886150139,49.0,60.0,0.5857863917656474,5.0,16.0,0.5857863917656474,0.8560446720211106,0.12388996138996143,0.991556863838022,-0.27025828025546317,26.352705410821642,,,,,,,,,,,,,
6.1,rotation,"6.1 current / stands_snic vs ROTATION null (observed = vector join, restricted R2)",sal_ba_frac,0.9226407998148315,49.0,60.0,0.7671191684488904,5.0,16.0,0.7671191684488904,0.8386317081923835,0.24806258484772614,0.9831528183404404,-0.07151253974349314,33.366733466933866,,,,,,,,,,,,,
6.1,rotation,"6.1 current / stands_snic vs ROTATION null (observed = vector join, restricted R2)",n_species,0.9663790680532208,49.0,60.0,0.9312093963190516,5.0,16.0,0.9312093963190516,0.8059340182888375,0.21261718749999992,0.9706552340283149,0.12527537803021416,88.07615230460922,,,,,,,,,,,,,
6.1,rotation,"6.1 current / stands_snic vs ROTATION null (observed = vector join, restricted R2)",dbh_mean_cm,0.9757869850066446,49.0,60.0,0.8461841643497295,5.0,16.0,0.8461841643497295,0.8588886883320133,0.11588807096674396,0.9746934846371827,-0.012704523982283722,47.447447447447445,,,,,,,,,,,,,
6.1,rotation,"6.1 current / stands_snic vs ROTATION null (observed = vector join, restricted R2)",h_top5_m,0.8726682445235391,49.0,60.0,0.437328334377729,5.0,16.0,0.437328334377729,0.7524439072297349,0.3409192746085249,0.9648846388206811,-0.31511557285200587,7.707707707707708,,,,,,,,,,,,,
6.2,rotation,current / stands_snic,,,,,,,,,,,,,29.48328267477204,Bray-Curtis,all pairs,0-100,7.0,7.0,-0.01782679702247858,0.5517,,,,,,
6.2,rotation,current / stands_snic,,,,,,,,,,,,,54.270270270270274,Bray-Curtis,all pairs,100-200,10.0,27.0,0.13433605642069402,0.1241,,,,,,
6.2,rotation,current / stands_snic,,,,,,,,,,,,,80.8743169398907,Bray-Curtis,all pairs,200-400,9.0,97.0,0.3350450314637133,0.0002,,,,,,
6.2,rotation,current / stands_snic,,,,,,,,,,,,,100.0,Bray-Curtis,all pairs,400-800,1.0,91.0,0.5131268640892731,0.0342,,,,,,
6.2,rotation,current / stands_snic,,,,,,,,,,,,,79.67967967967968,Bray-Curtis,all pairs,regression,27.0,,,,-0.22537622202313154,249.0,,,,
6.2,rotation,current / stands_snic,,,,,,,,,,,,,,Bray-Curtis,both > 30 m from boundary,0-100,0.0,0.0,,,,,,,,
6.2,rotation,current / stands_snic,,,,,,,,,,,,,,Bray-Curtis,both > 30 m from boundary,100-200,0.0,0.0,,,,,,,,
6.2,rotation,current / stands_snic,,,,,,,,,,,,,,Bray-Curtis,both > 30 m from boundary,200-400,0.0,0.0,,,,,,,,
6.2,rotation,current / stands_snic,,,,,,,,,,,,,,Bray-Curtis,both > 30 m from boundary,400-800,0.0,0.0,,,,,,,,
6.2,rotation,current / stands_snic,,,,,,,,,,,,,,Bray-Curtis,both > 30 m from boundary,regression,0.0,,,,,0.0,,,,
6.2,rotation,current / stands_snic,,,,,,,,,,,,,38.90577507598784,|dLorey| m,all pairs,0-100,7.0,7.0,0.45760822933621625,0.447,,,,,,
6.2,rotation,current / stands_snic,,,,,,,,,,,,,22.16216216216216,|dLorey| m,all pairs,100-200,10.0,27.0,-1.690115767337157,0.762,,,,,,
6.2,rotation,current / stands_snic,,,,,,,,,,,,,24.95446265938069,|dLorey| m,all pairs,200-400,9.0,97.0,-3.0509529335500414,0.9186,,,,,,
6.2,rotation,current / stands_snic,,,,,,,,,,,,,100.0,|dLorey| m,all pairs,400-800,1.0,91.0,4.195816515670144,0.0242,,,,,,
6.2,rotation,current / stands_snic,,,,,,,,,,,,,19.91991991991992,|dLorey| m,all pairs,regression,27.0,,,,1.4330049288880107,249.0,,,,
6.2,rotation,current / stands_snic,,,,,,,,,,,,,,|dLorey| m,both > 30 m from boundary,0-100,0.0,0.0,,,,,,,,
6.2,rotation,current / stands_snic,,,,,,,,,,,,,,|dLorey| m,both > 30 m from boundary,100-200,0.0,0.0,,,,,,,,
6.2,rotation,current / stands_snic,,,,,,,,,,,,,,|dLorey| m,both > 30 m from boundary,200-400,0.0,0.0,,,,,,,,
6.2,rotation,current / stands_snic,,,,,,,,,,,,,,|dLorey| m,both > 30 m from boundary,400-800,0.0,0.0,,,,,,,,
6.2,rotation,current / stands_snic,,,,,,,,,,,,,,|dLorey| m,both > 30 m from boundary,regression,0.0,,,,,0.0,,,,
6.1,rotation,"6.1 current / stands_dissolved vs ROTATION null (observed = vector join, restricted R2)",loreys_h_m,0.5133043038150582,8.0,60.0,0.5083382491433388,7.0,59.0,0.5083382491433388,0.5281859122409839,0.4982241408414792,0.5871417834385321,-0.019847663097645074,12.312312312312311,,,,,,,,,,,,,
6.1,rotation,"6.1 current / stands_dissolved vs ROTATION null (observed = vector join, restricted R2)",loreys_h_tree_m,0.5457687202902621,8.0,60.0,0.5410048556164648,7.0,59.0,0.5410048556164648,0.5571912232973857,0.5290963147802046,0.6110679957101625,-0.016186367680920855,15.115115115115115,,,,,,,,,,,,,
6.1,rotation,"6.1 current / stands_dissolved vs ROTATION null (observed = vector join, restricted R2)",crown_cover_pct,0.6271300234119195,8.0,60.0,0.6162173942338598,7.0,59.0,0.6162173942338598,0.6343788425210373,0.6002388169263015,0.6895496887143985,-0.018161448287177473,21.12112112112112,,,,,,,,,,,,,
6.1,rotation,"6.1 current / stands_dissolved vs ROTATION null (observed = vector join, restricted R2)",sal_ba_frac,0.5238079810580859,8.0,60.0,0.5073610191527158,7.0,59.0,0.5073610191527158,0.5293769893653165,0.4892476599189833,0.604205415126846,-0.02201597021260071,21.02102102102102,,,,,,,,,,,,,
6.1,rotation,"6.1 current / stands_dissolved vs ROTATION null (observed = vector join, restricted R2)",n_species,0.48708457732549215,8.0,60.0,0.4858809559846339,7.0,59.0,0.4858809559846339,0.5105326014079787,0.4660519576509723,0.5737521317137462,-0.02465164542334486,21.92192192192192,,,,,,,,,,,,,
6.1,rotation,"6.1 current / stands_dissolved vs ROTATION null (observed = vector join, restricted R2)",dbh_mean_cm,0.5786012151282345,8.0,60.0,0.5531136039002795,7.0,59.0,0.5531136039002795,0.5752803602035776,0.5285395496120393,0.7079786947672861,-0.02216675630329812,28.02802802802803,,,,,,,,,,,,,
6.1,rotation,"6.1 current / stands_dissolved vs ROTATION null (observed = vector join, restricted R2)",h_top5_m,0.5850012031096006,8.0,60.0,0.5798404654850748,7.0,59.0,0.5798404654850748,0.610109262768799,0.574382490978451,0.6732390262032313,-0.030268797283724114,9.40940940940941,,,,,,,,,,,,,
6.2,rotation,current / stands_dissolved,,,,,,,,,,,,,,Bray-Curtis,all pairs,0-100,14.0,0.0,,,,,,,,
6.2,rotation,current / stands_dissolved,,,,,,,,,,,,,96.19238476953907,Bray-Curtis,all pairs,100-200,34.0,3.0,0.28435696492652346,0.0757,,,,,,
6.2,rotation,current / stands_dissolved,,,,,,,,,,,,,79.77977977977977,Bray-Curtis,all pairs,200-400,95.0,11.0,-0.032881839531034185,0.6555,,,,,,
6.2,rotation,current / stands_dissolved,,,,,,,,,,,,,71.37137137137137,Bray-Curtis,all pairs,400-800,71.0,21.0,-0.01749410178730948,0.6118,,,,,,
6.2,rotation,current / stands_dissolved,,,,,,,,,,,,,88.988988988989,Bray-Curtis,all pairs,regression,214.0,,,,-0.009407081285630147,249.0,,,,
6.2,rotation,current / stands_dissolved,,,,,,,,,,,,,,Bray-Curtis,both > 30 m from boundary,0-100,12.0,0.0,,,,,,,,
6.2,rotation,current / stands_dissolved,,,,,,,,,,,,,,Bray-Curtis,both > 30 m from boundary,100-200,28.0,0.0,,,,,,,,
6.2,rotation,current / stands_dissolved,,,,,,,,,,,,,,Bray-Curtis,both > 30 m from boundary,200-400,70.0,0.0,,,,,,,,
6.2,rotation,current / stands_dissolved,,,,,,,,,,,,,43.54354354354354,Bray-Curtis,both > 30 m from boundary,400-800,52.0,7.0,-0.07943172530528053,0.7971,,,,,,
6.2,rotation,current / stands_dissolved,,,,,,,,,,,,,41.64164164164164,Bray-Curtis,both > 30 m from boundary,regression,162.0,,,,0.1040590795703696,169.0,,,,
6.2,rotation,current / stands_dissolved,,,,,,,,,,,,,,|dLorey| m,all pairs,0-100,14.0,0.0,,,,,,,,
6.2,rotation,current / stands_dissolved,,,,,,,,,,,,,2.7054108216432864,|dLorey| m,all pairs,100-200,34.0,3.0,-4.275222041897631,0.9667,,,,,,
6.2,rotation,current / stands_dissolved,,,,,,,,,,,,,4.804804804804805,|dLorey| m,all pairs,200-400,95.0,11.0,-2.9108796119338156,0.9756,,,,,,
6.2,rotation,current / stands_dissolved,,,,,,,,,,,,,41.24124124124124,|dLorey| m,all pairs,400-800,71.0,21.0,-3.091687288872218,0.996,,,,,,
6.2,rotation,current / stands_dissolved,,,,,,,,,,,,,5.905905905905906,|dLorey| m,all pairs,regression,214.0,,,,3.0311992422062035,249.0,,,,
6.2,rotation,current / stands_dissolved,,,,,,,,,,,,,,|dLorey| m,both > 30 m from boundary,0-100,12.0,0.0,,,,,,,,
6.2,rotation,current / stands_dissolved,,,,,,,,,,,,,,|dLorey| m,both > 30 m from boundary,100-200,28.0,0.0,,,,,,,,
6.2,rotation,current / stands_dissolved,,,,,,,,,,,,,,|dLorey| m,both > 30 m from boundary,200-400,70.0,0.0,,,,,,,,
6.2,rotation,current / stands_dissolved,,,,,,,,,,,,,59.65965965965966,|dLorey| m,both > 30 m from boundary,400-800,52.0,7.0,-3.130555635948647,0.9729,,,,,,
6.2,rotation,current / stands_dissolved,,,,,,,,,,,,,30.43043043043043,|dLorey| m,both > 30 m from boundary,regression,162.0,,,,2.9078835817798265,169.0,,,,
