plot_key,district,habitation,field_type,loreys_h_m,crown_cover_pct,n_trees,n_species,sal_ba_frac
18.55814_82.928984,KORAPUT,CHAMPAKENDA,4,12.848675350827513,33.0,5,3,0.0
18.575806_82.837232,KORAPUT,HANDAPUR,4,5.276425712718289,28.0,8,6,0.0
18.576485_82.834653,KORAPUT,HANDAPUR,4,4.678354368337214,28.0,7,5,0.0
18.576947_82.837561,KORAPUT,HANDAPUR,4,5.865490278697405,33.0,10,8,0.0
18.577371_82.836942,KORAPUT,HANDAPUR,4,4.989821882951655,23.0,6,6,0.0
18.577439_82.833436,KORAPUT,HANDAPUR,0,4.511334734629531,38.0,19,9,0.0
18.577547_82.836866,KORAPUT,HANDAPUR,0,7.759958082656842,28.0,16,9,0.0
18.577639_82.837776,KORAPUT,HANDAPUR,0,6.069422355975924,33.0,17,6,0.0
18.577673_82.838437,KORAPUT,HANDAPUR,4,5.214697529111048,38.0,5,3,0.0
18.577748_82.835758,KORAPUT,HANDAPUR,0,7.230954330762174,23.0,18,7,0.0
18.577832_82.83856,KORAPUT,HANDAPUR,0,4.3921811906816215,23.0,18,8,0.0
18.578127_82.840014,KORAPUT,HANDAPUR,0,4.917462063113924,18.0,14,5,0.0
18.578158_82.833453,KORAPUT,HANDAPUR,0,8.106822705771053,48.0,20,7,0.0
18.57816_82.833364,KORAPUT,HANDAPUR,4,5.72679429872649,23.0,10,6,0.0
18.578309_82.834858,KORAPUT,HANDAPUR,0,9.87677640153211,38.0,17,6,0.0
18.578415_82.837159,KORAPUT,HANDAPUR,4,5.6859709202219255,28.0,5,4,0.0
18.57855_82.839376,KORAPUT,HANDAPUR,4,5.490962228678859,38.0,9,6,0.0
18.578663_82.834354,KORAPUT,HANDAPUR,0,4.539495791174219,18.0,19,10,0.0
18.578716_82.835005,KORAPUT,HANDAPUR,0,4.703702819764872,23.0,18,6,0.0
18.578741_82.834651,KORAPUT,HANDAPUR,4,5.431949559647719,38.0,9,6,0.0
18.579554_82.833869,KORAPUT,HANDAPUR,4,5.234595984571259,23.0,6,5,0.0
18.586698_82.830332,KORAPUT,HATIMUNDA,4,11.420129998030331,43.0,2,2,0.0
18.587339_82.828831,KORAPUT,HATIMUNDA,4,6.852838263058526,43.0,6,5,0.0
18.587424_82.827393,KORAPUT,HATIMUNDA,4,4.481149986438838,78.0,7,6,0.0
18.587441_82.81896,KORAPUT,BILAPUT,3,5.595708156672724,28.0,39,9,0.0
18.588535_82.82654,KORAPUT,HATIMUNDA,4,11.557300678823372,53.0,4,3,0.0
18.58884_82.818969,KORAPUT,BILAPUT,0,4.572623109330754,38.0,18,7,0.0
18.589041_82.818128,KORAPUT,BILAPUT,0,4.755907459310616,43.0,18,10,0.0
18.589244_82.825077,KORAPUT,HATIMUNDA,4,9.4600529512537,68.0,5,5,0.0
18.589309_82.825484,KORAPUT,HATIMUNDA,1,18.1124634108766,33.0,4,4,0.0
18.589582_82.817618,KORAPUT,BILAPUT,0,5.33138416859621,38.0,19,10,0.0
18.589732_82.827324,KORAPUT,HATIMUNDA,0,10.7856529336848,13.0,10,6,0.0
18.590069_82.822561,KORAPUT,HATIMUNDA,1,20.82926829268293,58.0,2,2,0.0
18.590157_82.829946,KORAPUT,HATIMUNDA,4,5.900139470013946,13.0,5,4,0.0
18.590763_82.817554,KORAPUT,BILAPUT,0,5.7665899436628205,28.0,18,7,0.0
18.590785_82.824487,KORAPUT,HATIMUNDA,0,11.403761606491146,13.0,10,8,0.0
18.590802_82.814215,KORAPUT,BILAPUT,0,6.513483982065109,28.0,11,1,0.0
18.590809_82.826211,KORAPUT,HATIMUNDA,0,9.86834308966305,13.0,10,7,0.0
18.590818_82.825501,KORAPUT,HATIMUNDA,0,8.97775323445882,13.0,10,9,0.0
18.590826_82.820535,KORAPUT,HATIMUNDA,0,6.9325598630242,13.0,9,9,0.0
18.590907_82.822339,KORAPUT,HATIMUNDA,0,8.574280214261801,13.0,9,9,0.0
18.591008_82.821617,KORAPUT,HATIMUNDA,0,7.946635220125788,13.0,9,9,0.0
18.591102_82.824347,KORAPUT,HATIMUNDA,0,12.194119777433908,8.0,10,8,0.0
18.591333_82.817649,KORAPUT,BILAPUT,0,5.240125965915105,28.0,17,7,0.0
18.591473_82.819057,KORAPUT,HATIMUNDA,0,6.449071800412534,8.0,9,9,0.0
18.591548_82.816364,KORAPUT,BILAPUT,0,4.934326690569499,48.0,23,8,0.0
18.591818_82.815917,KORAPUT,BILAPUT,0,4.706310291249299,38.0,15,8,0.0
18.592142_82.814825,KORAPUT,BILAPUT,0,3.775982503364738,33.0,12,8,0.0
18.59228_82.828686,KORAPUT,HATIMUNDA,1,16.840235495395767,13.0,10,10,0.0
18.592398_82.819353,KORAPUT,HATIMUNDA,0,6.608937848156726,13.0,9,9,0.0
18.593711_82.815814,KORAPUT,HATIMUNDA,4,5.259385665529011,13.0,5,5,0.0
18.594241_82.828147,KORAPUT,HATIMUNDA,0,9.214238680959784,13.0,10,9,0.0
18.594449_82.811828,KORAPUT,HATIMUNDA,4,6.061852705061082,18.0,6,5,0.0
18.594997_82.814868,KORAPUT,HATIMUNDA,4,6.436106045728713,8.0,5,4,0.0
18.595014_82.827976,KORAPUT,HATIMUNDA,0,11.288791619534749,23.0,10,8,0.0
18.595431_82.826381,KORAPUT,HATIMUNDA,4,4.844187168355042,38.0,4,3,0.0
18.595601_82.827027,KORAPUT,HATIMUNDA,4,10.06623711340206,13.0,10,10,0.0
18.595819_82.826677,KORAPUT,HATIMUNDA,0,9.307566506759706,13.0,10,9,0.0
18.596046_82.825038,KORAPUT,HATIMUNDA,2,1.886906879855872,0.0,1,1,0.0
18.596091_82.825235,KORAPUT,HATIMUNDA,4,5.087125348865428,48.0,7,4,0.0
18.596228_82.824514,KORAPUT,HATIMUNDA,2,1.4542706964520369,0.0,0,0,0.0
18.596347_82.826101,KORAPUT,HATIMUNDA,0,9.974495488889598,13.0,10,9,0.0
18.596368_82.824083,KORAPUT,HATIMUNDA,2,3.1975740740740743,0.0,1,1,0.0
18.596488_82.814043,KORAPUT,HATIMUNDA,4,4.983390075312082,18.0,5,5,0.0
18.596536_82.825133,KORAPUT,HATIMUNDA,0,7.897669158143191,23.0,10,8,0.0
18.596726_82.822897,KORAPUT,HATIMUNDA,2,1.3018717993996116,0.0,0,0,0.0
18.596943_82.824312,KORAPUT,HATIMUNDA,0,14.1649067852271,8.0,10,9,0.0
18.59697_82.823822,KORAPUT,HATIMUNDA,4,5.240778237520909,28.0,5,3,0.0
18.597175_82.821483,KORAPUT,HATIMUNDA,2,5.875969267139479,8.0,0,0,0.0
18.59731_82.823396,KORAPUT,HATIMUNDA,2,2.9003229093189127,0.0,2,2,0.0
18.59736_82.822354,KORAPUT,HATIMUNDA,4,5.924412217095144,23.0,4,4,0.0
18.597398_82.824837,KORAPUT,HATIMUNDA,4,6.402404809619238,48.0,3,3,0.0
18.597412_82.823824,KORAPUT,HATIMUNDA,4,7.002101471029719,13.0,9,8,0.0
18.59743_82.823241,KORAPUT,HATIMUNDA,4,6.694858342077649,8.0,9,9,0.0
18.597682_82.819763,KORAPUT,HATIMUNDA,0,4.13753034986337,28.0,10,3,0.0
18.598169_82.819834,KORAPUT,HATIMUNDA,1,23.75418163160595,18.0,4,4,0.0
18.598548_82.821378,KORAPUT,HATIMUNDA,4,6.203328232593728,28.0,4,2,0.0
18.598995_82.819166,KORAPUT,HATIMUNDA,4,4.671417747892793,23.0,5,3,0.0
18.602419_82.818844,KORAPUT,HATIMUNDA,4,4.9410596026490055,18.0,5,3,0.0
18.604711_82.818115,KORAPUT,HATIMUNDA,4,4.728705067128627,18.0,6,2,0.0
18.614284_82.839737,KORAPUT,BARIGUDA,4,8.783990871053632,48.0,12,5,0.0
18.614533_82.839458,KORAPUT,BARIGUDA,4,7.578799169313462,58.0,10,4,0.0
18.615426_82.839528,KORAPUT,BARIGUDA,4,10.696006364359588,58.0,6,5,0.0
18.615788_82.855314,KORAPUT,KONDASRIMUNDA,2,1.2032085561497323,0.0,0,0,0.0
18.615818_82.85548,KORAPUT,KONDASRIMUNDA,2,1.517817109144543,0.0,0,0,0.0
18.615834_82.855468,KORAPUT,KONDASRIMUNDA,2,1.3458937198067638,0.0,0,0,0.0
18.616194_82.856297,KORAPUT,KONDASRIMUNDA,2,1.0003603603603604,0.0,0,0,0.0
18.616558_82.841079,KORAPUT,BARIGUDA,4,8.107583242762573,63.0,9,5,0.0
18.616631_82.839986,KORAPUT,BARIGUDA,4,8.692373238509152,58.0,7,6,0.0
18.616679_82.843587,KORAPUT,BARIGUDA,4,6.534508920526222,68.0,6,4,0.0
18.616705_82.856253,KORAPUT,KONDASRIMUNDA,2,1.1312968299711816,0.0,0,0,0.0
18.616708_82.839955,KORAPUT,BARIGUDA,4,7.521226294585831,53.0,9,3,0.0
18.616768_82.842999,KORAPUT,BARIGUDA,4,10.17824655369216,58.0,10,4,0.0
18.616998_82.84222,KORAPUT,BARIGUDA,4,6.664992624159972,63.0,8,5,0.0
18.617277_82.841366,KORAPUT,BARIGUDA,4,9.111511072928598,58.0,12,6,0.0
18.624624_82.933586,KORAPUT,KHASUGUDA,2,4.550139240275932,48.0,2,2,0.0
18.637046_82.971078,KORAPUT,KHASUGUDA,0,4.42978942208515,33.0,15,12,0.0
18.637227_82.968882,KORAPUT,KHASUGUDA,0,8.20760012658558,38.0,10,10,0.0
18.637924_82.967885,KORAPUT,KHASUGUDA,0,5.751251227543181,33.0,10,8,0.0
18.6389_82.971745,KORAPUT,KHASUGUDA,0,4.463643396500879,58.0,13,11,0.0
18.639738_82.971846,KORAPUT,KHASUGUDA,0,7.939191120585781,63.0,11,10,0.0
18.639916_82.968455,KORAPUT,KHASUGUDA,4,5.826089461450969,28.0,6,6,0.0
18.640693_82.972283,KORAPUT,KHASUGUDA,0,5.568594503213712,43.0,9,8,0.0
18.641832_82.972375,KORAPUT,KHASUGUDA,0,5.91779884160368,38.0,11,9,0.0
18.641893_82.969522,KORAPUT,KHASUGUDA,0,6.315400737702093,28.0,9,7,0.0
18.644529_82.974055,KORAPUT,KHASUGUDA,0,10.048558120168469,48.0,10,7,0.0
18.652406_82.811505,KORAPUT,SAKIAGUDA,4,6.57339947089947,68.0,8,5,0.0
18.652437_82.811106,KORAPUT,SAKIAGUDA,4,6.660500525486073,58.0,10,6,0.0
18.65244_82.811768,KORAPUT,SAKIAGUDA,4,6.683410285714285,68.0,10,9,0.0
18.652644_82.812857,KORAPUT,SAKIAGUDA,4,6.11568361581921,78.0,7,3,0.0
18.652647_82.812143,KORAPUT,SAKIAGUDA,4,9.54607604964352,58.0,12,7,0.0
18.652919_82.810902,KORAPUT,SAKIAGUDA,0,8.093434569004021,58.0,14,9,0.0
18.653207_82.811814,KORAPUT,KHARAGUDA,4,7.510416925948974,78.0,7,4,0.0
18.653365_82.811206,KORAPUT,KHARAGUDA,4,14.622281768864054,63.0,10,8,0.0
18.653369_82.81268,KORAPUT,SAKIAGUDA,4,9.58115873763542,63.0,9,3,0.0
18.676799_82.963237,KORAPUT,BARAKANTI,4,7.098069379278516,48.0,11,3,0.0
18.677433_82.964683,KORAPUT,BARAKANTI,0,9.62301716518584,38.0,13,4,0.0
18.678063_82.960975,KORAPUT,BARAKANTI,4,9.33736693658448,38.0,8,3,0.0
18.678762_82.958297,KORAPUT,BARAKANTI,4,9.257100288667472,43.0,8,4,0.0
18.678843_82.963663,KORAPUT,BARAKANTI,4,9.21894829427656,38.0,10,4,0.0
18.679113_82.96907,KORAPUT,BARAKANTI,4,8.26830318690784,38.0,6,2,0.0
18.679282_82.97123,KORAPUT,BARAKANTI,4,9.893631572595243,43.0,7,4,0.0
18.679754_82.975404,KORAPUT,BARAKANTI,0,7.525267074780938,38.0,14,4,0.0
18.680077_82.962886,KORAPUT,BARAKANTI,0,6.794553538347538,38.0,14,7,0.0
18.680447_82.973233,KORAPUT,BARAKANTI,0,8.41040859371168,33.0,14,4,0.0
18.681063_82.964409,KORAPUT,BARAKANTI,4,5.304843071375891,53.0,7,2,0.0
18.681071_82.975365,KORAPUT,BARAKANTI,2,3.309597523219815,43.0,0,0,0.0
18.681102_82.975437,KORAPUT,BARAKANTI,4,8.224823985444186,43.0,10,3,0.0
18.681326_82.957064,KORAPUT,BARAKANTI,4,8.539359020525746,38.0,10,6,0.0
18.681329_82.960893,KORAPUT,BARAKANTI,4,7.583365244696333,33.0,7,5,0.0
18.681538_82.974712,KORAPUT,BARAKANTI,0,11.634516765286,48.0,12,2,0.0
18.681742_82.961581,KORAPUT,BARAKANTI,0,7.1942797755144445,63.0,18,7,0.0
18.681765_82.962915,KORAPUT,BARAKANTI,0,4.852769679300291,68.0,16,5,0.0
18.681858_82.963077,KORAPUT,BARAKANTI,4,6.860245358090186,53.0,4,3,0.0
18.681878_82.962774,KORAPUT,BARAKANTI,4,4.913637202435874,53.0,7,4,0.0
18.682446_82.965478,KORAPUT,BARAKANTI,4,7.813887384948565,38.0,7,4,0.0
18.68257_82.965576,KORAPUT,BARAKANTI,4,5.58161782513926,58.0,3,3,0.0
18.682588_82.96899,KORAPUT,BARAKANTI,4,4.909628506444276,48.0,5,3,0.0
18.68293_82.957086,KORAPUT,BARAKANTI,4,8.955891686058813,43.0,6,2,0.0
18.682982_82.96547,KORAPUT,BARAKANTI,4,5.156901041666667,48.0,8,4,0.0
18.683549_82.961884,KORAPUT,BARAKANTI,4,5.804797648654758,48.0,5,4,0.0
18.683884_82.961298,KORAPUT,BARAKANTI,4,5.571485823063821,53.0,7,4,0.0
18.684793_82.959743,KORAPUT,BARAKANTI,4,6.840462905559001,48.0,7,4,0.0
18.686431_82.9618,KORAPUT,BARAKANTI,4,6.859096945551129,63.0,2,2,0.0
18.686566_82.958633,KORAPUT,BARAKANTI,4,9.565734152652004,58.0,8,6,0.0
18.69107_82.868956,KORAPUT,BARAKANTI,4,4.412639894667545,53.0,2,2,0.0
20.621695_85.564537,DHENKANAL,MANGALPUR,0,4.071563966274772,18.0,12,5,0.0
20.741885_84.698598,ANGUL,KANSAB,0,12.230659685863872,53.0,21,10,0.0002977107073195
20.742247_84.697628,ANGUL,KANSAB,0,14.13150279171004,43.0,16,8,0.0
20.742487_84.696332,ANGUL,KANSAB,0,11.249319287063264,38.0,21,8,4.721435316336166e-05
20.743825_84.696419,ANGUL,KANSAB,0,6.27323369221026,48.0,17,7,5.6294419815635794e-05
20.744313_84.694294,ANGUL,KANSAB,1,26.6538651018829,38.0,16,7,0.0
20.744556_84.693554,ANGUL,KANSAB,1,24.0924363142444,38.0,9,7,0.0
20.745076_84.695402,ANGUL,KANSAB,3,7.633591722692743,53.0,32,11,6.985069414127303e-05
20.745582_84.692273,ANGUL,KANSAB,3,16.790449749899384,53.0,22,8,0.0434801356867705
20.746348_84.694433,ANGUL,KANSAB,1,20.66203030487912,58.0,14,5,0.0
20.747267_84.691992,ANGUL,KANSAB,1,21.11119340097781,43.0,13,5,4.913642729037172e-05
20.759342_84.70982,ANGUL,GHANAJODI,3,13.615325304581994,38.0,25,12,0.0
20.760064_84.721146,ANGUL,GHANAJODI,0,12.10929704759992,38.0,18,10,0.0
20.760492_84.717751,ANGUL,GHANAJODI,1,33.57311264949205,43.0,18,8,0.0
20.761327_84.711584,ANGUL,GHANAJODI,0,7.437466440696206,48.0,21,6,0.0
20.76148_84.72302,ANGUL,GHANAJODI,3,9.615795493997476,43.0,30,12,0.011420322692638
20.761498_84.715991,ANGUL,GHANAJODI,3,3.92646384094385,38.0,76,10,0.0
20.76178_84.706629,ANGUL,GHANAJODI,0,5.341069086968302,38.0,16,5,0.0
20.763036_84.72282,ANGUL,GHANAJODI,0,12.374889517547212,68.0,13,6,0.0
20.76408_84.715482,ANGUL,GHANAJODI,4,2.5771074457180143,98.0,2,2,0.0
20.764457_84.718917,ANGUL,GHANAJODI,3,17.595640751205867,43.0,22,7,0.0
20.767532_84.743722,ANGUL,KANTAPADA,4,11.776556953547336,48.0,5,4,0.0007654403674113
20.802758_84.651615,ANGUL,JOGI BANDHA,1,17.060260489251302,58.0,10,7,0.0
20.803186_84.650445,ANGUL,JOGI BANDHA,1,18.86359363529421,78.0,6,4,0.0
20.803305_84.650996,ANGUL,JOGI BANDHA,4,11.216738157552172,68.0,6,3,0.0
20.803378_84.649662,ANGUL,JOGI BANDHA,4,8.101128621491275,93.0,5,5,0.0
20.80382_84.649267,ANGUL,JOGI BANDHA,1,14.119777442428472,63.0,6,6,0.0
20.804067_84.651992,ANGUL,JOGI BANDHA,1,16.35755048052083,28.0,6,4,0.0
20.805056_84.651723,ANGUL,JOGI BANDHA,4,12.194148149749262,58.0,4,4,0.0
20.805103_84.650732,ANGUL,JOGI BANDHA,4,11.677670366663635,88.0,2,2,0.0
20.805368_84.649812,ANGUL,JOGI BANDHA,2,0.2171396648044692,8.0,0,0,0.0
20.806103_84.651004,ANGUL,JOGI BANDHA,4,10.674902801077728,43.0,5,5,0.2495551827563418
20.825695_84.645693,ANGUL,ANANDA PUR,4,10.366624233851956,68.0,1,1,0.0
20.825723_84.645635,ANGUL,ANANDA PUR,4,6.733686916138077,33.0,3,3,0.0
20.825966_84.644815,ANGUL,ANANDA PUR,4,11.961087088125916,63.0,7,5,0.0
20.826051_84.646594,ANGUL,ANANDA PUR,1,13.974001978835068,88.0,3,3,0.0
20.827024_84.643543,ANGUL,ANANDA PUR,4,9.782364998586374,78.0,2,2,0.0
20.827087_84.646448,ANGUL,ANANDA PUR,2,1.07,98.0,0,0,0.0
20.827346_84.642134,ANGUL,ANANDA PUR,4,13.446413233749569,48.0,5,5,0.0
20.828018_84.64283,ANGUL,ANANDA PUR,1,18.64528892826874,58.0,5,5,0.3260651822174281
20.828198_84.64423,ANGUL,ANANDA PUR,4,11.355777023929589,88.0,4,4,0.0
20.926499_85.652478,DHENKANAL,TULASIPASI,1,42.53505008281411,23.0,4,2,0.6092751794305546
20.926894_85.66691,DHENKANAL,TULASIPASI,4,9.30209523809524,8.0,4,3,0.0
20.927937_85.652632,DHENKANAL,TULASIPASI,4,4.259697956766362,23.0,6,2,0.6416938110749187
20.931564_85.663294,DHENKANAL,TULASIPASI,4,12.089761939535562,23.0,5,2,0.9429433815296236
20.931593_85.663369,DHENKANAL,TULASIPASI,4,14.844234659474036,33.0,10,7,0.1362103843560351
20.934691_85.665477,DHENKANAL,TULASIPASI,4,9.927050427050428,18.0,9,3,0.796887796887797
20.935038_85.668127,DHENKANAL,TULASIPASI,4,5.730907282886638,8.0,8,5,0.1432427313192537
20.967839_85.697164,DHENKANAL,KANKANA,4,8.05804017625866,28.0,8,2,0.6825394011381566
20.968462_85.697621,DHENKANAL,KANKANA,4,2.699959726137737,2.5,8,3,0.0
20.96877_85.697427,DHENKANAL,KANKANA,0,9.760009268004517,2.5,14,2,0.792562956988677
20.969023_85.695805,DHENKANAL,KANKANA,0,5.929800611846925,53.0,8,2,0.0
20.970158_85.69672,DHENKANAL,KANKANA,0,7.018225126199166,23.0,8,4,0.0
20.970671_85.695629,DHENKANAL,KANKANA,4,4.093387002886751,28.0,6,4,0.0
20.971334_85.696502,DHENKANAL,KANKANA,4,4.335539262362724,28.0,6,3,0.0
20.972437_85.695593,DHENKANAL,KANKANA,4,7.582366589327148,18.0,4,3,0.0
21.018825_85.612578,DHENKANAL,BALIKUMA,3,15.20670179388992,73.0,25,11,0.2095109319894199
21.018991_85.615656,DHENKANAL,BALIKUMA,3,17.215504436487706,48.0,40,13,0.1607829157939128
21.019655_85.619941,DHENKANAL,BALIKUMA,3,15.29434327063709,83.0,28,9,0.4644180038738509
21.019794_85.61085,DHENKANAL,BALIKUMA,1,14.378499350558322,73.0,11,7,0.5330773181694178
21.019849_85.61665,DHENKANAL,BALIKUMA,3,16.414673371920223,78.0,41,14,0.1895227312823837
21.021416_85.610006,DHENKANAL,BALIKUMA,1,13.280222455055304,58.0,8,5,0.0
21.02179_85.618937,DHENKANAL,BALIKUMA,1,13.593771435989966,63.0,7,3,0.8813711790419819
21.021861_85.613366,DHENKANAL,BALIKUMA,1,16.491767795073297,43.0,13,5,0.4574958440380838
21.022286_85.61525,DHENKANAL,BALIKUMA,1,15.42478356110267,48.0,9,8,0.0272195230705316
21.023003_85.611504,DHENKANAL,BALIKUMA,1,14.373930771645073,48.0,8,6,0.1196072277272116
21.023941_85.616045,DHENKANAL,BALIKUMA,1,15.43706660981443,53.0,10,7,0.1868337628149274
21.040585_85.690666,DHENKANAL,NUA SAHI,1,19.89096746109479,28.0,5,4,0.3805637174883012
21.041399_85.688028,DHENKANAL,NUA SAHI,1,15.862085668811844,38.0,6,5,0.0012581702430155
21.043315_85.689977,DHENKANAL,NUA SAHI,1,28.15037894318758,38.0,5,4,0.3973606495608003
21.043929_85.684979,DHENKANAL,HADI SAHI,1,36.50574396652394,28.0,4,2,0.6304130984818997
21.044343_85.521868,DHENKANAL,ADHAPALLI,4,5.878453167682247,13.0,11,7,0.2476273939616016
21.044772_85.519605,DHENKANAL,ADHAPALLI,0,6.351678543423419,8.0,17,9,0.1217549578350735
21.045566_85.52362,DHENKANAL,ADHAPALLI,4,6.907993653417443,8.0,12,7,0.1010937642180531
21.046197_85.525567,DHENKANAL,ADHAPALLI,0,6.370278505348436,2.5,14,11,0.1540205284267519
21.046237_85.520861,DHENKANAL,ADHAPALLI,4,9.38093060016091,8.0,6,5,0.1637610410321159
21.046252_85.683699,DHENKANAL,NUA SAHI,1,26.597204171116207,53.0,8,4,0.2486223671829512
21.047075_85.526962,DHENKANAL,ADHAPALLI,4,7.79939911347057,2.5,5,4,0.0
21.047435_85.691744,DHENKANAL,NUA SAHI,1,18.974618693032824,38.0,6,3,0.4685710762539198
21.047558_85.52488,DHENKANAL,ADHAPALLI,4,7.476053034161575,8.0,7,5,0.0
21.047646_85.527402,DHENKANAL,ADHAPALLI,4,6.719976114086072,2.5,7,6,0.0
21.047655_85.526258,DHENKANAL,ADHAPALLI,4,8.182087863447416,8.0,8,5,0.0
21.048412_85.523557,DHENKANAL,ADHAPALLI,4,6.837801610454561,2.5,7,7,0.0026422896983666
21.048834_85.524919,DHENKANAL,ADHAPALLI,4,8.312693681278077,2.5,7,5,0.2506852270832697
21.049949_85.690852,DHENKANAL,NUA SAHI,1,18.076680005649457,63.0,10,6,0.1684760604491313
21.050477_85.686889,DHENKANAL,NUA SAHI,1,17.990523570005614,58.0,7,3,0.3199753458731854
21.052047_85.690007,DHENKANAL,NUA SAHI,1,18.60928541882768,83.0,5,3,0.6660629625622849
21.074972_85.389524,DHENKANAL,MAHABIR ROAD,0,11.029249143101971,23.0,21,3,0.903598971722365
21.075714_85.392354,DHENKANAL,KANKADAHAD,1,15.5566237464657,58.0,13,4,0.6525497853989951
21.076582_85.388847,DHENKANAL,BURUGI BHUIN,3,15.411150644604604,13.0,25,1,0.9682773322505328
21.077312_85.39015,DHENKANAL,BURUGI BHUIN,3,13.567694507276684,8.0,32,3,0.9178438820366182
21.077442_85.388795,DHENKANAL,BURUGI BHUIN,3,22.77771015322927,48.0,29,4,0.467840265133692
21.077809_85.392112,DHENKANAL,BURUGI BHUIN,1,29.722572451099364,73.0,18,8,0.1031078384993521
21.078879_85.387094,DHENKANAL,BURUGI BHUIN,3,20.21003336780071,78.0,25,4,0.9003216249992071
21.078934_85.390421,DHENKANAL,BURUGI BHUIN,1,45.51645383104125,78.0,9,5,0.0790275049115913
21.079134_85.389512,DHENKANAL,BURUGI BHUIN,1,23.860268829727467,78.0,10,5,0.2018689283805817
21.106127_85.565469,DHENKANAL,BALI SAHI,4,13.213614305911122,23.0,7,2,0.9063467196515226
21.106491_85.565027,DHENKANAL,BALI SAHI,0,14.197396698417004,23.0,9,2,0.9194942544320532
21.107106_85.56567,DHENKANAL,BALI SAHI,1,21.40606226972159,33.0,9,2,0.8606983383354072
21.10777_85.564995,DHENKANAL,BALI SAHI,1,22.34550114644602,33.0,15,2,0.9744990529358988
21.108009_85.565539,DHENKANAL,BALI SAHI,1,30.635896252538306,33.0,9,3,0.6398606239616023
21.108207_85.564337,DHENKANAL,BALI SAHI,1,17.410669184468315,33.0,13,3,0.8257287855541131
21.108502_85.564922,DHENKANAL,BALI SAHI,1,18.128130870381963,28.0,7,1,0.9959820496764766
21.109137_85.564208,DHENKANAL,BALI SAHI,1,17.083709057154223,28.0,6,2,0.9037704990496396
21.109653_85.563835,DHENKANAL,BALI SAHI,0,12.563548839581742,23.0,8,3,0.7887018617699568
21.110522_85.56385,DHENKANAL,BALI SAHI,0,14.249313122996856,23.0,8,3,0.8859125525596165
21.154502_85.365229,DHENKANAL,RAIJHARANA,0,12.067473539536556,83.0,18,5,0.0489647022555618
21.155752_85.365857,DHENKANAL,RAIJHARANA,0,8.44576833063423,68.0,20,8,0.1433046162281258
21.156085_85.364999,DHENKANAL,RAIJHARANA,0,16.19180733221304,8.0,22,6,0.8553791282279914
21.156_85.367028,DHENKANAL,RAIJHARANA,0,9.77411570282954,88.0,16,4,0.7420256999692788
21.157913_85.365213,DHENKANAL,RAIJHARANA,0,9.246429792429794,68.0,16,5,0.0287179487179487
21.158187_85.36696,DHENKANAL,RAIJHARANA,0,10.0648118202772,78.0,14,4,0.9335678010057332
21.158748_85.364022,DHENKANAL,RAIJHARANA,0,14.024296478648514,58.0,14,5,0.5791766797569506
21.15983_85.365755,DHENKANAL,RAIJHARANA,1,12.655900229426674,88.0,8,3,0.6486048215637049
21.160104_85.363229,DHENKANAL,RAIJHARANA,1,15.977987902450012,68.0,15,6,0.052913876518646
21.161816_85.365742,DHENKANAL,RAIJHARANA,1,13.664723668214831,68.0,4,2,0.9747825815903496
21.574184_85.390018,KENDUJHAR,BHANRADI SAHI,2,0.1606924231057764,2.5,0,0,0.0600150037509377
21.574526_85.389458,KENDUJHAR,BHANRADI SAHI,2,2.4402926829268283,63.0,2,2,0.48390243902439
21.574774_85.38847,KENDUJHAR,BHANRADI SAHI,2,2.729964722340491,2.5,0,0,0.00608235508789
21.574844_85.390232,KENDUJHAR,JAKARBANDHA SAHI,4,7.951991295987043,63.0,1,1,0.0065280097161074
21.575176_85.390956,KENDUJHAR,BHANRADI SAHI,4,4.02185476815398,8.0,11,5,0.106846019247594
21.57564_85.38927,KENDUJHAR,BHANRADI SAHI,4,7.020603324440797,73.0,6,1,0.0
21.575764_85.387851,KENDUJHAR,BHANRADI SAHI,1,18.09823608213183,38.0,4,2,0.619754926654388
21.614841_85.407242,KENDUJHAR,BHANRADI SAHI,4,9.500829762368522,83.0,2,2,0.0024931827035449
21.6178_85.381345,KENDUJHAR,TUNKULSAHI,2,0.7566037735849059,18.0,0,0,0.0
21.618997_85.379154,KENDUJHAR,TUNKULSAHI,1,14.97533550561439,63.0,1,1,0.0
21.621938_85.383944,KENDUJHAR,TUNKULSAHI,2,0.8264711359404098,2.5,0,0,0.0
21.62195_85.383933,KENDUJHAR,TUNKULSAHI,4,12.528477257839086,23.0,4,2,0.0
