plot_key,lat,lon,gps_acc_m,alt_m,district,block,habitation,site_polygon,n_trees,loreys_h_m,h_top5_m,h_mean_m,h_max_m,dbh_mean_cm,basal_area_cm2,crown_cover_pct,n_species,dominant_sp,sp_dominance,eth_chm,eth_chm_3x3,eth_chm_std_3x3,eth_sd,eth_sd_3x3,ndvi_amplitude,ndvi_mean
18.55814_82.928984,18.5581,82.929,4.993,881.7831,KORAPUT,POTTANGI,CHAMPAKENDA,,12,12.8487,8.4,4.265,15.0,10.0268,2529.1312,33.0,6,Other,0.3333,20,20.22222137451172,0.41573970964156254,7,6.888888835906982,0.07492508049010418,0.8378095050518318
18.575806_82.837232,18.5758,82.8372,7.7,915.2,KORAPUT,SEMILIGUDA,HANDAPUR,,13,5.2764,5.4,3.9831,6.0,7.6443,864.5328,28.0,10,Unidentified tree Tangiachina,0.1538,11,8.44444465637207,4.645454435637082,5,4.222222328186035,0.1980666193049283,0.47702292587140815
18.576485_82.834653,18.5765,82.8347,7.133,987.6,KORAPUT,SEMILIGUDA,HANDAPUR,,13,4.6784,5.2,3.3177,6.0,6.5866,649.4317,28.0,9,Sunari Cassia fistul,0.1538,12,11.777777671813965,0.41573970964156254,5,5.333333492279053,0.22571885439934977,0.5017597228335444
18.576947_82.837561,18.5769,82.8376,4.99,917.6,KORAPUT,SEMILIGUDA,HANDAPUR,,18,5.8655,6.4,4.1283,7.0,7.6925,1322.0205,33.0,13,Kala Bhalia Anacardium Semecarpus,0.1111,13,13.0,0.0,5,5.0,0.22318171149867438,0.7789447900917089
18.577371_82.836942,18.5774,82.8369,5.124,983.2,KORAPUT,SEMILIGUDA,HANDAPUR,,9,4.9898,5.2,4.2222,6.0,6.7906,437.8352,23.0,8,Sunari Cassia fistula,0.2222,14,14.0,0.0,5,5.111111164093018,0.1905601181096808,0.7863726799778334
18.577439_82.833436,18.5774,82.8334,4.874,910.7036,KORAPUT,SEMILIGUDA,HANDAPUR,,36,4.5113,5.0,3.1261,5.0,5.2963,1060.0515,38.0,14,Charkauli Buchanania lanzan,0.2778,14,14.44444465637207,0.4969039949999476,5,5.222222328186035,0.19069389516473628,0.7652553894793088
18.577547_82.836866,18.5775,82.8369,4.939,945.509,KORAPUT,SEMILIGUDA,HANDAPUR,,34,7.76,8.0,3.7462,8.0,9.5587,6891.3295,28.0,14,Charkauli Buchanania lanzan,0.1765,14,14.0,0.0,5,5.0,0.22418665768265308,0.7733457414704453
18.577639_82.837776,18.5776,82.8378,4.657,917.1311,KORAPUT,SEMILIGUDA,HANDAPUR,,34,6.0694,12.2,4.3103,35.0,9.3621,4627.43,33.0,11,Amba Mangifera indica,0.3235,13,13.333333015441895,0.4714045207910317,5,5.0,0.20924052176713465,0.753277509241599
18.577673_82.838437,18.5777,82.8384,5.0,920.3,KORAPUT,SEMILIGUDA,HANDAPUR,,10,5.2147,5.4,3.89,6.0,6.7482,560.3846,38.0,7,Sindura Bixa orellana,0.2,13,13.0,0.0,5,5.0,0.24078790544347708,0.6566765932042364
18.577748_82.835758,18.5777,82.8358,3.9,921.8342,KORAPUT,SEMILIGUDA,HANDAPUR,,37,7.231,7.6,3.7397,8.0,8.8783,4683.7708,23.0,13,Amba Mangifera indica,0.1892,14,14.222222328186035,0.41573970964156254,6,6.0,0.2111384658005347,0.7479004174613136
18.577832_82.83856,18.5778,82.8386,4.657,911.8712,KORAPUT,SEMILIGUDA,HANDAPUR,,35,4.3922,5.0,2.7754,5.0,5.8842,1383.4543,23.0,13,Pitmari Cipadessa baccifera,0.2,13,13.0,0.0,5,5.0,0.24529036741000235,0.6563110248204936
18.578127_82.840014,18.5781,82.84,4.858,935.3389,KORAPUT,SEMILIGUDA,HANDAPUR,,29,4.9175,5.2,2.7759,6.0,6.6406,2438.4925,18.0,11,Pitmari Cipadessa baccifera,0.1724,12,11.777777671813965,0.41573970964156254,5,5.0,0.2407784547071366,0.6438512374288954
18.578158_82.833453,18.5782,82.8335,4.836,879.5299,KORAPUT,SEMILIGUDA,HANDAPUR,,34,8.1068,9.0,4.1838,9.0,9.1186,4205.6694,48.0,13,Amba Mangifera indica,0.3824,15,14.777777671813965,0.41573970964156254,5,4.777777671813965,0.188986657899745,0.7446272725029947
18.57816_82.833364,18.5782,82.8334,11.214,974.6,KORAPUT,SEMILIGUDA,HANDAPUR,,15,5.7268,6.0,4.2133,8.0,7.4485,943.5501,23.0,8,Jamu Koli Syzygium cumini,0.2,14,14.55555534362793,0.4969039949999476,4,4.55555534362793,0.2302355160356139,0.6469220276029006
18.578309_82.834858,18.5783,82.8349,4.719,931.9496,KORAPUT,SEMILIGUDA,HANDAPUR,,34,9.8768,10.4,4.39,13.0,11.0753,7998.7296,38.0,12,Amba Mangifera indica,0.2059,13,13.333333015441895,0.4714045207910317,6,6.0,0.2156455026975108,0.7421470297707202
18.578415_82.837159,18.5784,82.8372,4.762,1141.7,KORAPUT,SEMILIGUDA,HANDAPUR,,10,5.686,5.8,3.743,8.0,5.4431,415.9514,28.0,8,Hadjam,0.2,14,13.666666984558105,0.4714045207910317,5,4.888888835906982,0.23247435331975214,0.6850072919233041
18.57855_82.839376,18.5785,82.8394,4.933,996.3,KORAPUT,SEMILIGUDA,HANDAPUR,,17,5.491,6.2,3.6359,8.0,6.5909,931.2156,38.0,12,Bija Pterocarpus marsupium,0.1176,12,11.666666984558105,0.4714045207910317,5,5.0,0.23744903427803157,0.6743188124940824
18.578663_82.834354,18.5787,82.8344,4.509,919.55,KORAPUT,SEMILIGUDA,HANDAPUR,,35,4.5395,5.0,3.0763,5.0,5.0657,935.9106,18.0,16,Pitmari Cipadessa baccifera,0.1714,14,14.0,0.0,5,5.333333492279053,0.20444961942744133,0.7678849873198579
18.578716_82.835005,18.5787,82.835,4.754,939.5088,KORAPUT,SEMILIGUDA,HANDAPUR,,34,4.7037,5.4,2.9103,6.0,4.8964,900.2599,23.0,12,Charkauli Buchanania lanzan,0.2353,14,14.0,0.0,5,5.44444465637207,0.21858898560618775,0.7826179145084136
18.578741_82.834651,18.5787,82.8347,6.258,958.8,KORAPUT,SEMILIGUDA,HANDAPUR,,17,5.4319,5.8,3.7147,7.0,6.2164,795.1381,38.0,11,Amba Mangifera indica,0.1765,14,14.0,0.0,6,5.666666507720947,0.20503150540535844,0.7498024613336565
18.579554_82.833869,18.5796,82.8339,6.433,949.6,KORAPUT,SEMILIGUDA,HANDAPUR,,13,5.2346,5.2,3.6923,6.0,6.8804,804.6078,23.0,11,Amba Mangifera indica,0.1538,12,12.333333015441895,0.4714045207910317,5,5.0,0.22918278132752545,0.65881760182021
18.586698_82.830332,18.5867,82.8303,13.718,916.4,KORAPUT,SEMILIGUDA,HATIMUNDA,,5,11.4201,6.6,6.6,12.0,7.4485,404.0148,43.0,4,Amba Mangifera indica,0.4,15,14.777777671813965,0.41573970964156254,6,5.888888835906982,0.16744013012960318,0.8197766972238145
18.587339_82.828831,18.5873,82.8288,7.404,979.6,KORAPUT,SEMILIGUDA,HATIMUNDA,,8,6.8528,7.0,5.775,11.0,8.7933,632.243,43.0,6,Jamu Koli Syzygium cumini,0.25,19,19.0,0.6666666666666666,6,6.55555534362793,0.07638211625842478,0.8426592889088664
18.587424_82.827393,18.5874,82.8274,4.9,976.7,KORAPUT,SEMILIGUDA,HATIMUNDA,,11,4.4811,5.0,4.3636,5.0,7.0607,586.8043,78.0,8,Amba Mangifera indica,0.2727,17,17.0,0.0,6,6.0,0.08994075447648746,0.8165976303143113
18.587441_82.81896,18.5874,82.819,4.941,895.4482,KORAPUT,SEMILIGUDA,BILAPUT,,58,5.5957,6.6,3.8943,7.0,7.0577,3153.1777,28.0,14,Amba Mangifera indica,0.2069,16,15.666666984558105,0.4714045207910317,7,6.777777671813965,0.15157210372155686,0.7138720333916381
18.588535_82.82654,18.5885,82.8265,5.0,990.1,KORAPUT,SEMILIGUDA,HATIMUNDA,,9,11.5573,9.2,6.1111,20.0,6.4016,597.8655,53.0,7,Amba Mangifera indica,0.3333,16,16.33333396911621,0.4714045207910317,7,6.666666507720947,0.08388599069965082,0.8470207686567863
18.58884_82.818969,18.5888,82.819,4.213,921.7756,KORAPUT,SEMILIGUDA,BILAPUT,,36,4.5726,5.0,2.825,5.0,5.2433,1152.2022,38.0,14,Charkauli Buchanania lanzan,0.2778,15,15.55555534362793,0.4969039949999476,6,6.0,0.22139023792268517,0.7020175820014072
18.589041_82.818128,18.589,82.8181,4.966,920.377,KORAPUT,SEMILIGUDA,BILAPUT,,37,4.7559,5.2,2.7938,6.0,5.9102,1618.367,43.0,13,Pitmari Cipadessa baccifera,0.1892,16,15.333333015441895,0.816496580927726,5,5.666666507720947,0.22108080491326948,0.7372357286845049
18.589244_82.825077,18.5892,82.8251,4.928,810.4,KORAPUT,SEMILIGUDA,HATIMUNDA,,8,9.4601,7.4,5.625,14.0,7.1222,510.9669,68.0,7,Jamu Koli Syzygium cumini,0.25,18,18.11111068725586,0.31426968052731874,8,7.44444465637207,0.0753523415987231,0.8303004946527252
18.589309_82.825484,18.5893,82.8255,4.933,952.9,KORAPUT,SEMILIGUDA,HATIMUNDA,,7,18.1125,11.4,8.7143,22.0,7.3211,516.5374,33.0,6,Jamu Koli Syzygium cumini,0.2857,16,16.33333396911621,0.4714045207910317,7,7.333333492279053,0.0816573718241869,0.8352816800714113
18.589582_82.817618,18.5896,82.8176,4.832,944.913,KORAPUT,SEMILIGUDA,BILAPUT,,36,5.3314,6.0,3.3153,6.0,6.7641,2027.7136,38.0,14,Amba Mangifera indica,0.1667,17,16.66666603088379,0.4714045207910317,5,5.44444465637207,0.16830905641879254,0.7030941640003566
18.589732_82.827324,18.5897,82.8273,3.911,863.8452,KORAPUT,SEMILIGUDA,HATIMUNDA,,20,10.7857,23.2,16.45,25.0,13.7828,5373.5483,13.0,12,Gau Koli Diospyros ferrea,0.15,16,15.777777671813965,0.41573970964156254,6,5.888888835906982,0.16920700418762769,0.742783384856063
18.590069_82.822561,18.5901,82.8226,6.768,991.4,KORAPUT,SEMILIGUDA,HATIMUNDA,,5,20.8293,8.2,8.2,24.0,5.9842,267.5395,58.0,5,Gambhari Gmelina arborea,0.2,21,21.0,0.0,8,8.0,0.08811683865331292,0.819817868045379
18.590157_82.829946,18.5902,82.8299,5.0,948.5,KORAPUT,SEMILIGUDA,HATIMUNDA,,8,5.9001,6.0,4.775,9.0,5.7694,285.2852,13.0,7,Other,0.25,14,14.11111068725586,0.31426968052735893,5,5.222222328186035,0.22638726956756378,0.7454318520281569
18.590763_82.817554,18.5908,82.8176,4.767,931.7679,KORAPUT,SEMILIGUDA,BILAPUT,,37,5.7666,6.8,3.2795,7.0,7.3039,2641.415,28.0,12,Pitmari Cipadessa baccifera,0.2162,16,15.88888931274414,0.7370277311900736,6,6.0,0.15265034204601946,0.7884481787434224
18.590785_82.824487,18.5908,82.8245,4.887,862.7615,KORAPUT,SEMILIGUDA,HATIMUNDA,,20,11.4038,26.2,17.65,35.0,12.5892,4687.9884,13.0,13,Pitmari Cipadessa baccifera,0.2,20,19.88888931274414,0.5665577237325118,8,7.44444465637207,0.16577838526856406,0.7688764946326933
18.590802_82.814215,18.5908,82.8142,4.709,898.4081,KORAPUT,SEMILIGUDA,BILAPUT,,21,6.5135,7.0,3.4676,7.0,14.7332,7347.7063,28.0,6,Amba Mangifera indica,0.5238,15,15.333333015441895,0.4714045207910317,6,6.0,0.16244115215254856,0.7683780881342654
18.590809_82.826211,18.5908,82.8262,4.573,852.3204,KORAPUT,SEMILIGUDA,HATIMUNDA,,20,9.8683,23.4,16.15,25.0,12.4459,4458.8849,13.0,14,Gau Koli Diospyros ferrea,0.15,13,13.0,0.6666666666666666,7,7.0,0.222365528809039,0.531372091666703
18.590818_82.825501,18.5908,82.8255,4.911,852.2441,KORAPUT,SEMILIGUDA,HATIMUNDA,,20,8.9778,23.8,15.65,27.0,12.6051,4539.2581,13.0,17,Pijuli Psidium guajava,0.1,12,12.55555534362793,0.4969039949999476,7,7.0,0.17916476032923465,0.4724968657140283
18.590826_82.820535,18.5908,82.8205,5.818,968.0,KORAPUT,SEMILIGUDA,HATIMUNDA,,18,6.9326,7.8,4.5556,9.0,11.3354,3113.946,13.0,18,Jamu Koli Syzygium cumini,0.0556,21,20.66666603088379,0.4714045207910317,7,7.0,0.10273176163116875,0.8373277502096712
18.590907_82.822339,18.5909,82.8223,4.852,960.4,KORAPUT,SEMILIGUDA,HATIMUNDA,,18,8.5743,9.4,5.3333,12.0,8.0285,1901.5833,13.0,18,Kamini Murraya paniculata,0.0556,21,21.0,0.0,7,7.0,0.1002509039649923,0.8049664121892003
18.591008_82.821617,18.591,82.8216,5.4,959.8,KORAPUT,SEMILIGUDA,HATIMUNDA,,18,7.9466,8.4,6.0556,10.0,10.8933,2530.5636,13.0,14,Nimba Azadirachta indica,0.1111,24,23.44444465637207,0.4969039949999985,8,7.44444465637207,0.11664138424832997,0.816110179652589
18.591102_82.824347,18.5911,82.8243,4.901,856.9961,KORAPUT,SEMILIGUDA,HATIMUNDA,,20,12.1941,23.2,17.2,25.0,12.7324,4834.0131,8.0,15,Gau Koli Diospyros ferrea,0.1,14,15.0,1.9436506316151,7,7.333333492279053,0.21383722479040967,0.6519963363959782
18.591333_82.817649,18.5913,82.8176,4.869,941.2002,KORAPUT,SEMILIGUDA,BILAPUT,,33,5.2401,6.0,3.1767,6.0,6.2119,1503.5367,28.0,12,Amba Mangifera indica,0.2121,16,15.777777671813965,0.6285393610547179,6,6.111111164093018,0.19675746401270275,0.7634995610984293
18.591473_82.819057,18.5915,82.8191,5.671,965.9,KORAPUT,SEMILIGUDA,HATIMUNDA,,18,6.4491,6.8,4.1667,8.0,10.3804,2430.5347,8.0,17,Pitmari Cipadessa baccifera,0.1111,20,19.88888931274414,0.7370277311900736,7,6.777777671813965,0.10635293032314666,0.8315727190176138
18.591548_82.816364,18.5915,82.8164,4.772,884.3884,KORAPUT,SEMILIGUDA,BILAPUT,,40,4.9343,5.4,3.07,7.0,8.0373,3817.4905,48.0,14,Charkauli Buchanania lanzan,0.2,15,15.333333015441895,0.4714045207910317,6,6.0,0.19998603476820995,0.7307678001378647
18.591818_82.815917,18.5918,82.8159,4.871,903.209,KORAPUT,SEMILIGUDA,BILAPUT,,30,4.7063,5.2,2.784,6.0,7.7137,2407.1389,38.0,15,Charkauli Buchanania lanzan,0.1,15,15.0,0.0,5,5.0,0.22997232057671216,0.728389724740392
18.592142_82.814825,18.5921,82.8148,4.663,896.9866,KORAPUT,SEMILIGUDA,BILAPUT,,24,3.776,4.4,2.3067,5.0,6.7376,1537.2776,33.0,14,Charkauli Buchanania lanzan,0.1667,15,14.55555534362793,0.4969039949999476,5,5.0,0.1806188743342201,0.758894543574388
18.59228_82.828686,18.5923,82.8287,5.657,950.5,KORAPUT,SEMILIGUDA,HATIMUNDA,,20,16.8402,18.2,9.15,30.0,7.0506,1581.4431,13.0,19,Baincha Flacourtia indica,0.1,17,16.55555534362793,0.6849348892187711,6,6.0,0.155448836746341,0.7845663836137671
18.592398_82.819353,18.5924,82.8194,6.866,928.6,KORAPUT,SEMILIGUDA,HATIMUNDA,,18,6.6089,7.0,4.3889,8.0,13.0684,3814.2278,13.0,18,Jamu Koli Syzygium cumini,0.0556,23,22.66666603088379,0.4714045207910317,7,7.0,0.08374636617269335,0.8137222056676434
18.593711_82.815814,18.5937,82.8158,4.944,901.6,KORAPUT,SEMILIGUDA,HATIMUNDA,,8,5.2594,5.4,4.5,7.0,6.4856,349.743,13.0,7,Karanja Pongamia pinnata,0.25,14,13.666666984558105,0.4714045207910317,5,5.0,0.13939734773425097,0.760081367752765
18.594241_82.828147,18.5942,82.8281,4.788,881.5291,KORAPUT,SEMILIGUDA,HATIMUNDA,,20,9.2142,24.2,15.75,33.0,10.2655,3021.3179,13.0,17,Kendu Diospyros melanoxylon,0.1,19,18.66666603088379,0.4714045207910317,7,7.0,0.1641909597736569,0.7742915689569264
18.594449_82.811828,18.5944,82.8118,4.948,913.2,KORAPUT,SEMILIGUDA,HATIMUNDA,,10,6.0619,6.0,4.386,9.0,10.1541,1139.9473,18.0,8,Amba Mangifera indica,0.2,16,16.0,0.6666666666666666,7,6.666666507720947,0.16888280791565544,0.6871157555595199
18.594997_82.814868,18.595,82.8149,4.988,903.6,KORAPUT,SEMILIGUDA,HATIMUNDA,,9,6.4361,6.4,4.5556,8.0,7.3919,567.3078,8.0,8,Amba Mangifera indica,0.2222,15,15.55555534362793,0.4969039949999476,6,6.0,0.16509508924246663,0.6823342092315859
18.595014_82.827976,18.595,82.828,4.158,903.4822,KORAPUT,SEMILIGUDA,HATIMUNDA,,20,11.2888,18.0,12.4,22.0,10.3769,3236.0975,23.0,16,Kala Bhalia Anacardium Semecarpus,0.1,19,18.22222137451172,1.1331154474650682,6,6.0,0.14498608440898214,0.7351815374872144
18.595431_82.826381,18.5954,82.8264,4.871,938.8,KORAPUT,SEMILIGUDA,HATIMUNDA,,7,4.8442,4.52,4.0857,5.0,6.3662,329.9282,38.0,6,Jamu Koli Syzygium cumini,0.2857,12,12.333333015441895,0.4714045207910317,5,5.111111164093018,0.2625059270456181,0.6772623273644465
18.595601_82.827027,18.5956,82.827,4.854,955.9,KORAPUT,SEMILIGUDA,HATIMUNDA,,20,10.0662,13.2,7.85,16.0,5.5386,926.2818,13.0,20,Kanta Sidhu Euphorbia nivulia,0.05,14,14.11111068725586,0.31426968052735893,6,6.0,0.2466474761979324,0.7067166983733463
18.595819_82.826677,18.5958,82.8267,4.551,898.9935,KORAPUT,SEMILIGUDA,HATIMUNDA,,20,9.3076,15.4,11.25,16.0,11.109,3649.4228,13.0,16,Chandan Santalum album,0.1,15,15.0,0.6666666666666666,6,6.0,0.21733513503671995,0.7045382293099404
18.596046_82.825038,18.596,82.825,3.9,862.646,KORAPUT,SEMILIGUDA,HATIMUNDA,,10,1.8869,1.74,1.64,2.1,1.8112,35.3364,0.0,3,Bhalupati Lantana camara,0.6,15,15.0,0.0,6,5.777777671813965,0.22191857023466133,0.566853674254798
18.596091_82.825235,18.5961,82.8252,4.987,943.4,KORAPUT,SEMILIGUDA,HATIMUNDA,,9,5.0871,5.4,4.4444,6.0,8.3114,655.7979,48.0,5,Jamu Koli Syzygium cumini,0.3333,15,15.222222328186035,0.41573970964156254,6,6.0,0.233804205020881,0.6456324397998666
18.596228_82.824514,18.5962,82.8245,4.888,861.2947,KORAPUT,SEMILIGUDA,HATIMUNDA,,9,1.4543,1.54,1.4333,1.6,1.4324,15.1396,0.0,2,Bhalupati Lantana camara,0.6667,13,12.666666984558105,0.4714045207910317,5,5.222222328186035,0.2360363572163319,0.538362755115585
18.596347_82.826101,18.5963,82.8261,4.883,885.8461,KORAPUT,SEMILIGUDA,HATIMUNDA,,20,9.9745,14.6,11.1,16.0,9.1514,2496.1065,13.0,17,Pitmari Cipadessa baccifera,0.1,16,16.33333396911621,0.4714045207910317,5,5.44444465637207,0.22689003646500827,0.7321735206255382
18.596368_82.824083,18.5964,82.8241,4.245,853.886,KORAPUT,SEMILIGUDA,HATIMUNDA,,10,3.1976,2.808,2.199,4.0,1.9099,42.9718,0.0,3,Bhalupati Lantana camara,0.6,12,11.666666984558105,0.4714045207910317,5,5.111111164093018,0.22119314626749698,0.5861754475125196
18.596488_82.814043,18.5965,82.814,4.966,922.6,KORAPUT,SEMILIGUDA,HATIMUNDA,,9,4.9834,4.8,3.8889,6.0,8.5236,771.3444,18.0,8,Panasa Artocarpus heterophyllus,0.2222,15,14.666666984558105,0.4714045207910317,6,5.777777671813965,0.16518247811390718,0.7739451372045564
18.596536_82.825133,18.5965,82.8251,4.981,888.0498,KORAPUT,SEMILIGUDA,HATIMUNDA,,19,7.8977,12.6,9.8947,13.0,7.8405,1618.2875,23.0,15,Gau Koli Diospyros ferrea,0.1579,17,16.66666603088379,0.4714045207910317,6,5.888888835906982,0.08492975628611091,0.7837916591208274
18.596726_82.822897,18.5967,82.8229,4.915,874.782,KORAPUT,SEMILIGUDA,HATIMUNDA,,10,1.3019,1.42,1.31,1.5,0.748,4.5065,0.0,2,Pitmari Cipadessa baccifera,0.7,10,10.333333015441895,0.4714045207910317,5,5.111111164093018,0.20983763927844137,0.5816800214339706
18.596943_82.824312,18.5969,82.8243,4.835,881.1345,KORAPUT,SEMILIGUDA,HATIMUNDA,,19,14.1649,24.4,13.2105,45.0,7.5222,1575.0769,8.0,15,Jamu Koli Syzygium cumini,0.1053,14,14.11111068725586,0.5665577237325341,6,6.0,0.18684557376296804,0.7515392757784167
18.59697_82.823822,18.597,82.8238,5.0,943.5,KORAPUT,SEMILIGUDA,HATIMUNDA,,7,5.2408,5.2,4.5714,6.0,11.1408,903.9205,28.0,5,Kusuma Schleichera oleosa,0.4286,12,12.55555534362793,0.4969039949999476,5,5.333333492279053,0.25469219744442373,0.6428325916025791
18.597175_82.821483,18.5972,82.8215,4.985,928.7,KORAPUT,SEMILIGUDA,HATIMUNDA,,4,5.876,3.3825,3.3825,7.0,3.8197,67.3225,8.0,4,Kusuma Schleichera oleosa,0.25,13,13.55555534362793,0.6849348892187711,6,6.0,0.18535190007035438,0.6778945110149326
18.59731_82.823396,18.5973,82.8234,4.639,867.0453,KORAPUT,SEMILIGUDA,HATIMUNDA,,11,2.9003,2.24,1.7909,3.5,1.8954,50.7664,0.0,4,Bhalupati Lantana camara,0.4545,13,12.666666984558105,0.4714045207910317,5,5.333333492279053,0.18522507573692124,0.7048491028852953
18.59736_82.822354,18.5974,82.8224,5.583,959.8,KORAPUT,SEMILIGUDA,HATIMUNDA,,7,5.9244,4.2,3.7143,7.0,5.9569,362.1571,23.0,7,Champa Magnolia champaca,0.1429,13,12.666666984558105,0.4714045207910317,6,6.0,0.2042021041250924,0.711626988438559
18.597398_82.824837,18.5974,82.8248,4.595,935.7,KORAPUT,SEMILIGUDA,HATIMUNDA,,6,6.4024,5.0,4.3333,9.0,5.6765,198.5458,48.0,5,Charkauli Buchanania lanzan,0.3333,15,15.333333015441895,0.4714045207910317,5,5.0,0.18424837207085035,0.7096255726471136
18.597412_82.823824,18.5974,82.8238,4.617,870.4716,KORAPUT,SEMILIGUDA,HATIMUNDA,,18,7.0021,25.0,13.2222,41.0,7.162,1325.3628,13.0,16,Kala Bhalia Anacardium Semecarpus,0.1111,13,13.333333015441895,0.4714045207910317,6,5.777777671813965,0.22923670362539456,0.7255123892607652
18.59743_82.823241,18.5974,82.8232,4.988,882.2477,KORAPUT,SEMILIGUDA,HATIMUNDA,,18,6.6949,36.8,19.6111,41.0,5.3052,758.3733,8.0,16,Pitmari Cipadessa baccifera,0.1667,13,13.0,0.0,6,5.888888835906982,0.21423081531594573,0.680212142803263
18.597682_82.819763,18.5977,82.8198,5.0,929.0,KORAPUT,SEMILIGUDA,HATIMUNDA,,27,4.1375,5.014,2.523,5.57,6.378,1776.4079,28.0,9,Bela Aegle marmelos,0.2593,15,14.777777671813965,0.41573970964156254,6,6.0,0.2031563921409426,0.7624782412682841
18.598169_82.819834,18.5982,82.8198,4.76,945.0,KORAPUT,SEMILIGUDA,HATIMUNDA,,9,23.7542,12.26,7.8111,44.0,5.3759,310.193,18.0,7,Charkauli Buchanania lanzan,0.2222,16,15.777777671813965,0.41573970964156254,6,6.0,0.2207454933744372,0.7315582480630256
18.598548_82.821378,18.5985,82.8214,5.295,961.6,KORAPUT,SEMILIGUDA,HATIMUNDA,,7,6.2033,5.8,5.1429,8.0,7.6394,416.031,28.0,2,Amba Mangifera indica,0.8571,19,19.11111068725586,0.31426968052731874,6,6.333333492279053,0.10456019254635728,0.8214610362215683
18.598995_82.819166,18.599,82.8192,6.1,890.7,KORAPUT,SEMILIGUDA,HATIMUNDA,,9,4.6714,4.6,3.4,5.0,6.9215,512.5577,23.0,5,Amba Mangifera indica,0.3333,17,17.0,0.0,7,6.777777671813965,0.20523516773860892,0.7362046635558502
18.602419_82.818844,18.6024,82.8188,4.985,889.4,KORAPUT,SEMILIGUDA,HATIMUNDA,,15,4.9411,4.8,3.3,6.0,5.4113,660.8909,18.0,9,Amba Mangifera indica,0.2,20,19.66666603088379,0.816496580927726,6,6.222222328186035,0.15841584474116305,0.7441647605554003
18.604711_82.818115,18.6047,82.8181,15.487,946.3,KORAPUT,SEMILIGUDA,HATIMUNDA,,15,4.7287,5.0,2.7373,7.0,4.1168,367.4888,18.0,10,Akasia Acacia auriculiformis,0.2,11,10.44444465637207,0.6849348892187711,5,5.0,0.23160225344354743,0.39526173508416423
18.614284_82.839737,18.6143,82.8397,3.7,925.9,KORAPUT,SEMILIGUDA,BARIGUDA,,17,8.784,10.0,5.7341,11.0,7.6582,1046.0459,48.0,5,Other,0.3529,19,18.88888931274414,0.7370277311900736,5,5.0,0.14974007412973717,0.80513470999483
18.614533_82.839458,18.6145,82.8395,4.744,924.6,KORAPUT,SEMILIGUDA,BARIGUDA,,15,7.5788,9.4,5.1473,12.0,6.7057,651.4212,58.0,4,Other,0.4667,18,18.22222137451172,0.41573970964156254,5,5.0,0.17201084161804095,0.7672900237313196
18.615426_82.839528,18.6154,82.8395,4.85,969.5,KORAPUT,SEMILIGUDA,BARIGUDA,,13,10.696,10.6,4.5569,16.0,6.0724,600.1733,58.0,8,Other,0.3077,22,21.55555534362793,0.4969039949999985,6,6.0,0.11845372069230868,0.8085746321492707
18.615788_82.855314,18.6158,82.8553,4.618,840.4939,KORAPUT,SEMILIGUDA,KONDASRIMUNDA,,12,1.2032,1.4,1.1083,2.0,1.6977,29.762,0.0,4,Unidentified shrub22 Indirabuta,0.4167,11,10.666666984558105,0.4714045207910317,5,4.888888835906982,0.2623016857027254,0.5894633891741111
18.615818_82.85548,18.6158,82.8555,4.509,839.7809,KORAPUT,SEMILIGUDA,KONDASRIMUNDA,,9,1.5178,1.7,1.34,2.0,1.8745,26.9768,0.0,4,Unidentified shrub22 Indirabuta,0.4444,11,10.666666984558105,0.4714045207910317,5,5.0,0.25282203491644606,0.6229378162259496
18.615834_82.855468,18.6158,82.8555,4.837,832.5234,KORAPUT,SEMILIGUDA,KONDASRIMUNDA,,7,1.3459,1.6,1.3857,2.0,1.6825,16.4725,0.0,4,Unidentified shrub22 Indirabuta,0.5714,11,10.666666984558105,0.4714045207910317,5,5.0,0.25282203491644606,0.6229378162259496
18.616194_82.856297,18.6162,82.8563,4.934,867.9384,KORAPUT,SEMILIGUDA,KONDASRIMUNDA,,9,1.0004,1.2,1.0644,2.0,1.8038,26.4993,0.0,4,Pitmari Cipadessa baccifera,0.4444,10,10.222222328186035,0.4157397096415474,5,5.0,0.23500715100048714,0.6002271016523613
18.616558_82.841079,18.6166,82.8411,4.586,1000.2,KORAPUT,SEMILIGUDA,BARIGUDA,,17,8.1076,9.4,4.2388,12.0,6.6096,805.4036,63.0,8,Jamu Koli Syzygium cumini,0.2941,17,16.88888931274414,0.31426968052731874,6,5.666666507720947,0.11525541623521501,0.8254856447824972
18.616631_82.839986,18.6166,82.84,4.94,976.6,KORAPUT,SEMILIGUDA,BARIGUDA,,13,8.6924,9.2,4.7738,11.0,6.3907,604.2317,58.0,8,Other,0.3846,17,17.33333396911621,0.4714045207910317,6,6.0,0.090352974047878,0.8537412178681816
18.616679_82.843587,18.6167,82.8436,4.188,971.4,KORAPUT,SEMILIGUDA,BARIGUDA,,13,6.5345,7.2,3.7838,10.0,5.5582,441.5754,68.0,9,Other,0.3077,14,14.333333015441895,0.4714045207910317,5,5.222222328186035,0.19397554188480992,0.7562512434690242
18.616705_82.856253,18.6167,82.8563,4.971,881.8315,KORAPUT,SEMILIGUDA,KONDASRIMUNDA,,11,1.1313,1.346,1.1464,2.0,1.7073,27.6134,0.0,4,Unidentified shrub22 Indirabuta,0.4545,10,10.11111068725586,0.31426968052735893,5,5.222222328186035,0.22717598494857308,0.5529701671921522
18.616708_82.839955,18.6167,82.84,4.766,978.3,KORAPUT,SEMILIGUDA,BARIGUDA,,17,7.5212,9.0,4.0329,10.0,6.5722,809.8599,53.0,5,Other,0.5882,17,17.22222137451172,0.41573970964156254,6,6.111111164093018,0.10504794124922956,0.8440378376293318
18.616768_82.842999,18.6168,82.843,4.25,974.1,KORAPUT,SEMILIGUDA,BARIGUDA,,18,10.1782,12.4,5.54,15.0,6.9498,906.3078,58.0,6,Other,0.4444,17,16.66666603088379,0.4714045207910317,6,5.777777671813965,0.1773699956395372,0.7909510787979546
18.616998_82.84222,18.617,82.8422,4.786,988.3,KORAPUT,SEMILIGUDA,BARIGUDA,,14,6.665,8.4,4.46,10.0,6.1616,485.5022,63.0,7,Other,0.3571,16,15.88888931274414,0.31426968052731874,6,6.0,0.13880843098044157,0.8228258254961491
18.617277_82.841366,18.6173,82.8414,4.771,999.1,KORAPUT,SEMILIGUDA,BARIGUDA,,17,9.1115,11.4,6.1418,17.0,7.3773,833.6536,58.0,7,Other,0.4706,16,15.88888931274414,0.31426968052731874,6,6.0,0.1523318932789094,0.7927395990625359
18.624624_82.933586,18.6246,82.9336,4.923,856.4443,KORAPUT,SEMILIGUDA,KHASUGUDA,,3,4.5501,3.4333,3.4333,5.0,3.7242,43.7207,48.0,3,Ganga Siuli Nyctanthes arbor tristis,0.3333,12,11.777777671813965,1.1331154474650682,4,4.222222328186035,0.20700489962377713,0.5628318637532166
18.637046_82.971078,18.637,82.9711,4.97,1122.8314,KORAPUT,SEMILIGUDA,KHASUGUDA,,35,4.4298,6.4,2.33,9.0,13.0689,7792.3056,33.0,25,Jamu Koli Syzygium cumini,0.0857,19,18.66666603088379,0.4714045207910317,6,5.777777671813965,0.1494685302573249,0.7559862262093536
18.637227_82.968882,18.6372,82.9689,4.777,1066.8932,KORAPUT,SEMILIGUDA,KHASUGUDA,,24,8.2076,7.0,2.8275,13.0,24.2446,48782.8999,38.0,21,Aanla Emblica officinal,0.0833,16,16.33333396911621,1.0540925533894598,7,6.44444465637207,0.18095919988051343,0.7513471688437419
18.637924_82.967885,18.6379,82.9679,3.79,1028.8727,KORAPUT,SEMILIGUDA,KHASUGUDA,,24,5.7513,13.8,4.3379,43.0,13.9261,5510.2624,33.0,18,Jamu Koli Syzygium cumini,0.125,15,15.0,0.4714045207910317,5,5.222222328186035,0.20714336638201886,0.5853826460499708
18.6389_82.971745,18.6389,82.9717,4.946,1087.733,KORAPUT,SEMILIGUDA,KHASUGUDA,,26,4.4636,6.8,2.8335,9.0,14.0424,6017.5688,58.0,18,Jamu Koli Syzygium cumini,0.1538,17,16.77777862548828,0.6285393610547179,5,5.0,0.170914210897211,0.7085174570740946
18.639738_82.971846,18.6397,82.9718,4.868,1074.9956,KORAPUT,SEMILIGUDA,KHASUGUDA,,29,7.9392,8.0,3.2083,10.0,18.1327,17171.2268,63.0,20,Bahada Terminalia bellirica,0.1034,20,20.11111068725586,0.5665577237325118,5,5.111111164093018,0.17122305410556582,0.7541947322099782
18.639916_82.968455,18.6399,82.9685,4.912,918.2227,KORAPUT,SEMILIGUDA,KHASUGUDA,,15,5.8261,6.2,2.788,7.0,11.6289,3218.2721,28.0,12,Harida Termanalia Chebula,0.1333,18,18.0,0.0,7,7.0,0.2145666476183894,0.7695604790532896
18.640693_82.972283,18.6407,82.9723,4.657,1078.3094,KORAPUT,SEMILIGUDA,KHASUGUDA,,26,5.5686,7.0,3.2269,9.0,12.0468,4754.2765,43.0,17,Panasa Artocarpus heterophyllus,0.1923,23,22.88888931274414,0.7370277311900736,7,6.44444465637207,0.18472837091288258,0.6911394749917565
18.641832_82.972375,18.6418,82.9724,4.967,1010.9517,KORAPUT,SEMILIGUDA,KHASUGUDA,,26,5.9178,6.8,3.285,9.0,10.4797,3874.4679,38.0,17,Jamu Koli Syzygium cumini,0.1154,22,22.0,0.6666666666666666,6,6.0,0.2305358874537372,0.7408715246678622
18.641893_82.969522,18.6419,82.9695,4.666,902.677,KORAPUT,SEMILIGUDA,KHASUGUDA,,21,6.3154,8.2,2.971,14.0,13.2174,4616.9257,28.0,18,Jamu Koli Syzygium cumini,0.1429,14,13.88888931274414,0.31426968052735893,5,5.0,0.18814154849664094,0.5954126504845639
18.644529_82.974055,18.6445,82.9741,5.0,969.5992,KORAPUT,SEMILIGUDA,KHASUGUDA,,23,10.0486,9.0,3.6817,13.0,10.4932,5376.1601,48.0,13,Chandan Santalum album,0.1739,17,16.33333396911621,0.6666666666666666,6,6.0,0.13606908696623068,0.7635406553042037
18.652406_82.811505,18.6524,82.8115,4.8,898.1,KORAPUT,SEMILIGUDA,SAKIAGUDA,,14,6.5734,8.2,4.2721,9.0,6.1388,481.2845,68.0,7,Other,0.2857,23,22.55555534362793,0.8314794192831251,7,7.0,0.19065196899949052,0.7577056650267205
18.652437_82.811106,18.6524,82.8111,4.863,904.3,KORAPUT,SEMILIGUDA,SAKIAGUDA,,16,6.6605,7.8,4.2544,10.0,6.0877,605.7437,58.0,7,Kurei Holarrhena antidysenterica,0.375,19,18.66666603088379,0.4714045207910317,7,7.0,0.12217683924136638,0.7879157105848387
18.65244_82.811768,18.6524,82.8118,4.846,948.9,KORAPUT,SEMILIGUDA,SAKIAGUDA,,17,6.6834,8.8,4.5041,9.0,6.6283,696.3029,68.0,10,Other,0.2353,24,23.66666603088379,0.4714045207910317,8,7.222222328186035,0.15910401126205906,0.7999951770550386
18.652644_82.812857,18.6526,82.8129,4.914,943.3,KORAPUT,SEMILIGUDA,SAKIAGUDA,,13,6.1157,7.2,3.6585,8.0,5.5827,422.5564,78.0,3,Other,0.5385,21,21.11111068725586,0.31426968052731874,7,7.0,0.12059907992013415,0.8103697269836528
18.652647_82.812143,18.6526,82.8121,4.749,922.8,KORAPUT,SEMILIGUDA,SAKIAGUDA,,16,9.5461,10.6,6.3756,15.0,6.3264,602.7198,58.0,7,Sindura Bixa orellana,0.3125,25,25.0,0.0,8,7.666666507720947,0.1287993827984687,0.7982612859625114
18.652919_82.810902,18.6529,82.8109,4.45,872.9,KORAPUT,SEMILIGUDA,SAKIAGUDA,,22,8.0934,10.0,4.8968,12.0,6.8292,1069.0438,58.0,11,Other,0.2273,22,22.22222137451172,0.41573970964156254,8,8.0,0.14380572124356483,0.7981328637248736
18.653207_82.811814,18.6532,82.8118,4.857,931.5,KORAPUT,SEMILIGUDA,KHARAGUDA,,13,7.5104,8.6,4.4515,10.0,4.5053,255.762,78.0,8,Other,0.3846,24,23.77777862548828,0.41573970964156254,7,7.222222328186035,0.12979549436919186,0.7914342022986594
18.653365_82.811206,18.6534,82.8112,4.197,904.0,KORAPUT,SEMILIGUDA,KHARAGUDA,,15,14.6223,16.2,7.6267,30.0,5.6235,484.0698,63.0,10,Other,0.2,23,23.44444465637207,0.4969039949999985,8,8.0,0.1637285756098382,0.7820158138469084
18.653369_82.81268,18.6534,82.8127,4.238,944.1,KORAPUT,SEMILIGUDA,SAKIAGUDA,,15,9.5812,10.2,4.834,15.0,5.6659,506.8289,63.0,3,Other,0.6,21,20.11111068725586,0.8748897637790772,7,7.0,0.12650446112974342,0.8179187531587696
18.676799_82.963237,18.6768,82.9632,3.9,1324.072,KORAPUT,SEMILIGUDA,BARAKANTI,,13,7.0981,7.8,6.1538,9.0,9.3779,1034.5867,48.0,4,Other,0.6154,16,15.88888931274414,0.5665577237325118,5,5.222222328186035,0.07290504053985071,0.8417152592838341
18.677433_82.964683,18.6774,82.9647,3.9,1260.925,KORAPUT,SEMILIGUDA,BARAKANTI,,16,9.623,10.4,7.3125,11.0,10.166,1710.6769,38.0,5,Other,0.5,18,18.22222137451172,0.41573970964156254,6,6.0,0.1045779752228922,0.8634296737598912
18.678063_82.960975,18.6781,82.961,3.9,1333.637,KORAPUT,SEMILIGUDA,BARAKANTI,,12,9.3374,9.8,7.5,10.0,8.3026,874.636,38.0,6,Other,0.5,15,14.777777671813965,1.1331154474650682,6,6.0,0.07570002054778924,0.8248125258371353
18.678762_82.958297,18.6788,82.9583,3.9,1302.41,KORAPUT,SEMILIGUDA,BARAKANTI,,13,9.2571,11.4,7.9231,15.0,10.8715,1709.1649,43.0,5,Other,0.4615,13,13.11111068725586,0.31426968052735893,5,5.0,0.10889855212787916,0.7865620001138949
18.678843_82.963663,18.6788,82.9637,3.9,1198.23,KORAPUT,SEMILIGUDA,BARAKANTI,,15,9.2189,9.4,6.4667,10.0,8.467,1266.6346,38.0,7,Other,0.3333,15,15.333333015441895,0.4714045207910317,5,5.0,0.07846793453532533,0.8292949880554797
18.679113_82.96907,18.6791,82.9691,3.9,1200.395,KORAPUT,SEMILIGUDA,BARAKANTI,,11,8.2683,8.4,5.1818,9.0,6.2504,554.3367,38.0,4,Unidentified tree pitipordo,0.6364,11,11.333333015441895,0.4714045207910317,5,5.0,0.13431458975066163,0.814105397474878
18.679282_82.97123,18.6793,82.9712,3.9,1139.38,KORAPUT,SEMILIGUDA,BARAKANTI,,11,9.8936,9.0,5.8182,11.0,10.8515,1978.0572,43.0,7,Unidentified tree5 Meluanduni,0.2727,19,19.22222137451172,0.41573970964156254,6,6.0,0.06177675715851796,0.8496246604931957
18.679754_82.975404,18.6798,82.9754,3.9,1230.733,KORAPUT,SEMILIGUDA,BARAKANTI,,19,7.5253,8.4,5.7368,9.0,8.142,1325.9198,38.0,6,Jamu Koli Syzygium cumini,0.2632,16,15.333333015441895,0.6666666666666666,6,5.44444465637207,0.0728440767941888,0.8223165878263415
18.680077_82.962886,18.6801,82.9629,1.434,1133.864,KORAPUT,SEMILIGUDA,BARAKANTI,,18,6.7946,7.6,5.0556,9.0,6.5784,859.1184,38.0,10,Other,0.3333,15,15.333333015441895,0.4714045207910317,6,6.222222328186035,0.09061892871684711,0.8781885075454524
18.680447_82.973233,18.6804,82.9732,3.9,1145.651,KORAPUT,SEMILIGUDA,BARAKANTI,,18,8.4104,9.0,6.7222,9.0,9.4962,1622.3459,33.0,5,Unidentified tree pitipordo,0.4444,13,12.666666984558105,0.4714045207910317,6,5.44444465637207,0.10707152290313725,0.8211302936270922
18.681063_82.964409,18.6811,82.9644,3.9,1108.801,KORAPUT,SEMILIGUDA,BARAKANTI,,13,5.3048,5.6,3.9231,6.0,8.0067,971.0839,53.0,5,Jamu Koli Syzygium cumini,0.3077,14,13.666666984558105,0.4714045207910317,5,5.0,0.08371789042482904,0.8595820446700826
18.681071_82.975365,18.6811,82.9754,3.9,1178.106,KORAPUT,SEMILIGUDA,BARAKANTI,,7,3.3096,2.8,2.4286,4.0,1.8644,25.7035,43.0,5,Kudedi Holoptelea integrifolia,0.2857,17,17.22222137451172,0.41573970964156254,6,6.0,0.09215591774378426,0.853748328599304
18.681102_82.975437,18.6811,82.9754,3.9,1161.198,KORAPUT,SEMILIGUDA,BARAKANTI,,13,8.2248,9.0,7.0,9.0,8.8392,1005.9388,43.0,4,Jamu Koli Syzygium cumini,0.3846,17,17.22222137451172,0.41573970964156254,6,6.0,0.09215591774378426,0.853748328599304
18.681326_82.957064,18.6813,82.9571,3.9,1256.01,KORAPUT,SEMILIGUDA,BARAKANTI,,14,8.5394,9.6,5.9286,10.0,8.6171,1104.9332,38.0,7,Other,0.2857,12,12.0,0.0,5,5.0,0.10660864339847025,0.7678352526460235
18.681329_82.960893,18.6813,82.9609,0.962,1098.317,KORAPUT,SEMILIGUDA,BARAKANTI,,14,7.5834,7.6,4.4286,9.0,7.3439,1039.043,33.0,6,Unidentified tree6 Modei,0.3571,15,15.11111068725586,0.31426968052731874,6,6.0,0.1294214618228243,0.8331306825423371
18.681538_82.974712,18.6815,82.9747,3.9,1140.619,KORAPUT,SEMILIGUDA,BARAKANTI,,16,11.6345,10.2,6.6875,15.0,9.6289,2017.2889,48.0,2,Other,0.875,16,15.666666984558105,0.4714045207910317,7,6.777777671813965,0.06359749266483196,0.8616828428177645
18.681742_82.961581,18.6817,82.9616,1.623,1112.083,KORAPUT,SEMILIGUDA,BARAKANTI,,24,7.1943,8.2,5.0875,9.0,8.475,1914.2361,63.0,9,Sirisa Albizia lebbeck,0.2083,14,13.777777671813965,0.41573970964156254,6,6.0,0.10570349254583264,0.8467968905508103
18.681765_82.962915,18.6818,82.9629,10.197,1099.556,KORAPUT,SEMILIGUDA,BARAKANTI,,21,4.8528,5.6,3.619,7.0,6.0327,764.262,68.0,6,Other,0.3333,12,12.222222328186035,0.41573970964156254,6,5.888888835906982,0.11965513992242141,0.8607789895794018
18.681858_82.963077,18.6819,82.9631,3.9,1130.134,KORAPUT,SEMILIGUDA,BARAKANTI,,8,6.8602,5.6,4.25,9.0,7.0028,480.0113,53.0,5,Sirisa Albizia lebbeck,0.25,12,12.333333015441895,0.4714045207910317,5,5.55555534362793,0.1331744885637606,0.8390788958107179
18.681878_82.962774,18.6819,82.9628,3.9,1043.355,KORAPUT,SEMILIGUDA,BARAKANTI,,12,4.9136,5.0,3.5833,6.0,7.9577,862.4606,53.0,7,Jamu Koli Syzygium cumini,0.25,12,12.0,0.0,6,5.777777671813965,0.12738260890869865,0.8319873729087115
18.682446_82.965478,18.6824,82.9655,1.026,1126.695,KORAPUT,SEMILIGUDA,BARAKANTI,,11,7.8139,8.2,5.7273,9.0,6.6556,587.9184,38.0,6,Kunuwa,0.2727,14,13.44444465637207,0.4969039949999476,5,5.222222328186035,0.12431214439531707,0.8646172675143731
18.68257_82.965576,18.6826,82.9656,3.9,1101.676,KORAPUT,SEMILIGUDA,BARAKANTI,,7,5.5816,4.6,3.8571,6.0,8.9127,657.1508,58.0,4,Pitmari Cipadessa baccifera,0.5714,13,13.333333015441895,0.4714045207910317,6,5.666666507720947,0.12546224999446476,0.8783058636651654
18.682588_82.96899,18.6826,82.969,4.47,1055.569,KORAPUT,SEMILIGUDA,BARAKANTI,,8,4.9096,5.0,4.25,6.0,8.2363,524.8134,48.0,4,Sindura Bixa orellana,0.375,16,16.77777862548828,1.0304020550550836,5,5.55555534362793,0.1607699519939191,0.7144251081099743
18.68293_82.957086,18.6829,82.9571,3.9,1174.246,KORAPUT,SEMILIGUDA,BARAKANTI,,9,8.9559,9.2,6.5556,10.0,8.9834,752.3254,43.0,5,Other,0.5556,10,10.0,0.0,5,5.0,0.17980065377434615,0.811652141513846
18.682982_82.96547,18.683,82.9655,3.9,1098.167,KORAPUT,SEMILIGUDA,BARAKANTI,,11,5.1569,5.4,4.3636,6.0,8.7969,855.617,48.0,7,Jamu Koli Syzygium cumini,0.3636,14,13.11111068725586,0.8748897637790918,6,5.222222328186035,0.11765815396519617,0.7871997710897223
18.683549_82.961884,18.6835,82.9619,3.9,1043.355,KORAPUT,SEMILIGUDA,BARAKANTI,,9,5.8048,5.6,3.4844,7.0,7.7102,703.9423,48.0,5,Karanja Pongamia pinnata,0.4444,12,12.0,0.0,5,5.0,0.08180243336581176,0.8433438319430148
18.683884_82.961298,18.6839,82.9613,3.9,1097.574,KORAPUT,SEMILIGUDA,BARAKANTI,,13,5.5715,5.6,4.2308,7.0,7.0273,794.2627,53.0,7,Jamu Koli Syzygium cumini,0.3077,13,13.0,0.0,6,5.666666507720947,0.06581141596500584,0.8624903316229172
18.684793_82.959743,18.6848,82.9597,3.9,1062.051,KORAPUT,SEMILIGUDA,BARAKANTI,,10,6.8405,6.4,4.9,8.0,5.8251,385.0754,48.0,6,Kendu Diospyros melanoxylon,0.3,14,14.0,0.0,5,5.0,0.052322487211569235,0.8734019177594625
18.686431_82.9618,18.6864,82.9618,3.9,1024.197,KORAPUT,SEMILIGUDA,BARAKANTI,,4,6.8591,3.7825,3.7825,8.0,7.162,239.6873,63.0,4,Dhatuki Woodfordia fruticosa,0.25,9,9.44444465637207,0.4969039949999476,4,4.55555534362793,0.1752640296080643,0.5355324982936728
18.686566_82.958633,18.6866,82.9586,3.9,1030.281,KORAPUT,SEMILIGUDA,BARAKANTI,,10,9.5657,8.4,6.2,11.0,8.467,984.2142,58.0,8,Karanja Pongamia pinnata,0.3,12,12.333333015441895,0.4714045207910317,5,5.0,0.12113993316329964,0.7333911672453814
18.69107_82.868956,18.6911,82.869,3.9,834.611,KORAPUT,SEMILIGUDA,BARAKANTI,,5,4.4126,2.33,2.33,5.0,6.1115,241.7564,53.0,4,Pijuli Psidium guajava,0.4,15,14.625,0.4841229182759271,6,6.125,0.09612924569069863,0.4745418567488029
20.621695_85.564537,20.6217,85.5645,4.912,78.0701,DHENKANAL,SADAR,MANGALPUR,,40,4.0716,7.8,2.2765,9.0,4.111,2954.764,18.0,16,Jamu Koli Syzygium cumini,0.225,13,13.0,0.0,5,5.0,0.2023173785667502,0.6810183374306782
20.741885_84.698598,20.7419,84.6986,4.833,258.9,ANGUL,ATHAMALLIK,KANSAB,,60,12.2307,15.46,3.8882,18.5,7.024,7751.6415,53.0,23,Sidha Lagerstroemia parviflor,0.1,24,23.66666603088379,0.4714045207910317,8,8.0,0.1509771262903815,0.7130101637731413
20.742247_84.697628,20.7422,84.6976,2.1,285.3,ANGUL,ATHAMALLIK,KANSAB,,63,14.1315,14.28,3.0148,25.0,7.3666,11772.532,43.0,23,Marmadi Antidesma acidum,0.2381,25,25.0,0.0,7,7.111111164093018,0.13435224719259953,0.7180518459789774
20.742487_84.696332,20.7425,84.6963,3.9,311.0,ANGUL,ATHAMALLIK,KANSAB,,66,11.2493,14.5,3.1758,18.5,6.4434,6741.8034,38.0,24,Kurei Holarrhena antidysenterica,0.1364,24,23.44444465637207,0.4969039949999985,8,8.0,0.17067692814089408,0.6909573085062173
20.743825_84.696419,20.7438,84.6964,4.332,286.8,ANGUL,ATHAMALLIK,KANSAB,,57,6.2732,8.42,2.0835,10.5,6.0479,5654.3772,48.0,22,Kurei Holarrhena antidysenterica,0.193,20,20.11111068725586,0.31426968052731874,7,7.333333492279053,0.1347107847186312,0.693639042107279
20.744313_84.694294,20.7443,84.6943,4.834,336.7,ANGUL,ATHAMALLIK,KANSAB,,50,26.6539,21.8,5.0334,35.5,6.2261,7404.5246,38.0,21,Marmadi Antidesma acidum,0.16,21,21.33333396911621,0.4714045207910317,7,7.222222328186035,0.14279793806977142,0.6996046981192895
20.744556_84.693554,20.7446,84.6936,4.745,308.2,ANGUL,ATHAMALLIK,KANSAB,,53,24.0924,20.72,2.5585,28.0,5.5194,9080.9832,38.0,23,Kusuma Schleichera oleosa,0.1321,21,21.33333396911621,0.4714045207910317,7,7.44444465637207,0.1177990932854957,0.7119279896005912
20.745076_84.695402,20.7451,84.6954,4.933,277.9,ANGUL,ATHAMALLIK,KANSAB,,74,7.6336,8.6,2.5516,12.5,5.2607,4557.0039,53.0,19,Karada Gardenia turgida,0.2297,23,23.0,0.0,8,7.888888835906982,0.12984607776414325,0.7133689498924616
20.745582_84.692273,20.7456,84.6923,4.583,286.0,ANGUL,ATHAMALLIK,KANSAB,,42,16.7904,22.18,8.0543,25.0,9.3068,5536.3639,53.0,16,Karada Gardenia turgida,0.1905,23,23.0,0.0,7,7.0,0.1687504247308085,0.6687793992235362
20.746348_84.694433,20.7463,84.6944,4.5,255.8,ANGUL,ATHAMALLIK,KANSAB,,44,20.662,13.92,3.6463,25.0,6.8292,9130.2416,58.0,13,Karada Gardenia turgida,0.3636,20,20.66666603088379,0.6666666666666666,9,8.777777671813965,0.10531818482386598,0.6921780773164037
20.747267_84.691992,20.7473,84.692,5.0,292.1,ANGUL,ATHAMALLIK,KANSAB,,67,21.1112,22.08,3.5181,28.5,4.9219,6478.0836,43.0,24,Kurei Holarrhena antidysenterica,0.209,21,21.0,0.0,7,6.777777671813965,0.15266085065342733,0.6629419712212273
20.759342_84.70982,20.7593,84.7098,4.829,217.1,ANGUL,ATHAMALLIK,GHANAJODI,,72,13.6153,16.2,4.2475,18.0,6.8216,7949.0732,38.0,25,Karada Gardenia turgida,0.125,23,23.55555534362793,0.4969039949999985,6,6.0,0.11455825693481043,0.7609242555750292
20.760064_84.721146,20.7601,84.7211,4.82,256.6,ANGUL,ATHAMALLIK,GHANAJODI,,38,12.1093,15.66,4.8561,18.5,7.0196,3169.7298,38.0,14,Kurei Holarrhena antidysenterica,0.2105,26,25.44444465637207,0.4969039949999985,7,7.0,0.2149542799381713,0.706467391687336
20.760492_84.717751,20.7605,84.7178,4.94,245.5,ANGUL,ATHAMALLIK,GHANAJODI,,43,33.5731,27.0,5.7926,50.0,8.4093,7425.8513,43.0,13,Kurei Holarrhena antidysenterica,0.2558,24,24.0,0.0,7,7.0,0.20454056660621045,0.7059822068745337
20.761327_84.711584,20.7613,84.7116,4.92,201.7,ANGUL,ATHAMALLIK,GHANAJODI,,54,7.4375,11.8,3.753,15.0,5.6058,2958.1333,48.0,14,Marmadi Antidesma acidum,0.1481,23,23.0,0.0,6,6.55555534362793,0.1921865692664388,0.6946815271712515
20.76148_84.72302,20.7615,84.723,4.966,248.2,ANGUL,ATHAMALLIK,GHANAJODI,,63,9.6158,14.86,4.0056,20.8,6.6845,4355.0363,43.0,16,Asana Terminalia alata,0.2381,21,20.77777862548828,0.41573970964156254,7,7.0,0.21241903296894596,0.720531755113819
20.761498_84.715991,20.7615,84.716,4.907,211.7,ANGUL,ATHAMALLIK,GHANAJODI,,188,3.9265,11.76,4.25,12.0,5.3097,8741.4261,38.0,18,Dhauda Anogeissus latifolia,0.1702,21,20.77777862548828,0.41573970964156254,7,7.0,0.17984325781438718,0.7229286218688687
20.76178_84.706629,20.7618,84.7066,4.55,301.4,ANGUL,ATHAMALLIK,GHANAJODI,,53,5.3411,8.2,2.7185,12.0,3.8137,1468.6022,38.0,17,Marmadi Antidesma acidum,0.1887,21,21.88888931274414,0.8748897637790772,7,7.111111164093018,0.18896933246937153,0.6929864366347023
20.763036_84.72282,20.763,84.7228,4.204,229.3898,ANGUL,ATHAMALLIK,GHANAJODI,,27,12.3749,12.8,4.4833,17.0,6.2483,2081.5875,68.0,9,Teak_Tectona_grandis,0.2963,20,20.22222137451172,0.41573970964156254,6,6.333333492279053,0.2605445913190987,0.6884117294656809
20.76408_84.715482,20.7641,84.7155,4.925,215.6,ANGUL,ATHAMALLIK,GHANAJODI,,12,2.5771,1.132,0.5825,2.6,3.7932,853.9458,98.0,5,Kendu Diospyros melanoxylon,0.4167,19,19.66666603088379,1.3333333333333333,9,7.44444465637207,0.19130014626588365,0.5265604466050204
20.764457_84.718917,20.7645,84.7189,3.0,259.5,ANGUL,ATHAMALLIK,GHANAJODI,,49,17.5956,21.2,5.9673,28.5,7.4575,5576.3117,43.0,11,Buduli Butea superba,0.2653,23,22.66666603088379,0.4714045207910317,7,7.0,0.20173471176735971,0.7051268094278552
20.767532_84.743722,20.7675,84.7437,4.824,226.8679,ANGUL,ATHAMALLIK,KANTAPADA,,18,11.7766,8.6,3.2406,16.0,4.7393,831.7039,48.0,12,Khakada_Casearia_elliptica,0.1667,19,18.88888931274414,0.31426968052731874,7,7.0,0.0862456944805088,0.7631489767048231
20.802758_84.651615,20.8028,84.6516,3.977,128.5159,ANGUL,ATHAMALLIK,JOGI BANDHA,,20,17.0603,28.4,11.1204,44.0,10.7907,4294.0004,58.0,15,Nimba Azadirachta indica,0.15,21,20.77777862548828,0.41573970964156254,7,7.0,0.21570737820982472,0.7154196373678723
20.803186_84.650445,20.8032,84.6504,4.484,120.5603,ANGUL,ATHAMALLIK,JOGI BANDHA,,19,18.8636,16.4,5.69,26.0,9.1975,4498.5543,78.0,15,Kasi Bridelia squamosa/retusa,0.1053,20,20.44444465637207,0.4969039949999476,7,6.888888835906982,0.23607897422555327,0.6859252262283851
20.803305_84.650996,20.8033,84.651,4.645,115.4308,ANGUL,ATHAMALLIK,JOGI BANDHA,,20,11.2167,11.4,3.8444,13.0,5.8489,1451.8711,68.0,14,Sidha Lagerstroemia parviflora,0.15,20,20.33333396911621,0.4714045207910317,7,6.888888835906982,0.2402456177965817,0.6849944183104985
20.803378_84.649662,20.8034,84.6497,4.829,108.0541,ANGUL,ATHAMALLIK,JOGI BANDHA,,18,8.1011,10.8,3.5168,15.0,7.3742,2293.5023,93.0,13,Karada Cleistanthus collinus,0.1111,20,20.55555534362793,0.4969039949999476,6,6.0,0.20836790105361527,0.6794819686276001
20.80382_84.649267,20.8038,84.6493,4.462,97.6523,ANGUL,ATHAMALLIK,JOGI BANDHA,,17,14.1198,13.8,5.3371,15.0,10.7476,4561.3807,63.0,11,Karada Cleistanthus collinus,0.1765,21,20.88888931274414,0.7370277311900736,6,6.0,0.20657212823870272,0.7137006427901745
20.804067_84.651992,20.8041,84.652,3.977,123.3932,ANGUL,ATHAMALLIK,JOGI BANDHA,,19,16.3576,15.8,5.2083,20.0,7.7232,2310.2136,28.0,13,Sidha Lagerstroemia parviflor,0.2105,22,21.44444465637207,0.8314794192831251,6,6.0,0.23613239264055,0.6903535050977216
20.805056_84.651723,20.8051,84.6517,4.269,118.7799,ANGUL,ATHAMALLIK,JOGI BANDHA,,14,12.1941,11.6,4.5246,16.0,8.6398,1840.7861,58.0,12,Dhauda Anogeissus latifolia,0.2143,20,20.22222137451172,0.41573970964156254,6,6.222222328186035,0.18606041430742018,0.7126271924789311
20.805103_84.650732,20.8051,84.6507,4.676,106.1752,ANGUL,ATHAMALLIK,JOGI BANDHA,,11,11.6777,4.198,1.9883,15.0,8.2182,1749.272,88.0,8,Asana Terminalia alata,0.1818,19,19.11111068725586,0.7370277311900736,6,6.222222328186035,0.1722507122147046,0.6020002196150543
20.805368_84.649812,20.8054,84.6498,4.808,99.4634,ANGUL,ATHAMALLIK,JOGI BANDHA,,6,0.2171,0.592,0.512,0.99,1.3263,14.2444,8.0,6,Kendu Diospyros melanoxylon,0.1667,18,17.66666603088379,1.0540925533894598,6,6.222222328186035,0.1770740853192384,0.6469078684858744
20.806103_84.651004,20.8061,84.651,4.587,91.4365,ANGUL,ATHAMALLIK,JOGI BANDHA,,16,10.6749,9.2,3.6842,13.0,6.9431,1565.3684,43.0,15,Karada Cleistanthus collinus,0.125,20,19.77777862548828,0.41573970964156254,6,6.44444465637207,0.17964913984546568,0.6867305148948858
20.825695_84.645693,20.8257,84.6457,4.958,111.6158,ANGUL,ATHAMALLIK,ANANDA PUR,,5,10.3666,3.03,3.03,12.0,5.8569,337.5676,68.0,4,Kasi Bridelia squamosa/retusa,0.4,13,14.666666984558105,1.632993161855452,9,7.777777671813965,0.19190727473846286,0.5795927764427602
20.825723_84.645635,20.8257,84.6456,4.987,103.8917,ANGUL,ATHAMALLIK,ANANDA PUR,,12,6.7337,6.9,3.0942,12.0,5.7879,653.8754,33.0,7,Asana Terminalia alata,0.3333,17,15.666666984558105,1.5634719199411433,6,6.888888835906982,0.18140909801906016,0.6303932287118927
20.825966_84.644815,20.826,84.6448,4.744,111.1501,ANGUL,ATHAMALLIK,ANANDA PUR,,16,11.9611,12.84,5.7225,18.0,6.2269,920.1543,63.0,10,Asana Terminalia alata,0.25,16,15.88888931274414,0.31426968052731874,6,5.666666507720947,0.19902206652168702,0.6047001684335146
20.826051_84.646594,20.8261,84.6466,4.141,104.8765,ANGUL,ATHAMALLIK,ANANDA PUR,,8,13.974,7.434,4.8162,15.0,10.1859,1849.8579,88.0,6,Asana Terminalia alata,0.25,19,18.66666603088379,0.4714045207910317,7,6.44444465637207,0.172693233176825,0.6725422014294766
20.827024_84.643543,20.827,84.6435,4.873,106.678,ANGUL,ATHAMALLIK,ANANDA PUR,,8,9.7824,7.36,5.0625,16.5,12.812,2251.7241,78.0,7,Asana Terminalia alata,0.25,17,16.88888931274414,0.31426968052731874,6,6.333333492279053,0.16105556478995395,0.6421403750556698
20.827087_84.646448,20.8271,84.6464,4.724,112.5081,ANGUL,ATHAMALLIK,ANANDA PUR,,3,1.07,1.07,1.07,2.8,0.6366,0.9549,98.0,3,Telakuruma_Ixora_pavetta,0.3333,19,18.55555534362793,0.4969039949999476,7,6.666666507720947,0.16517096407772286,0.5467036845502353
20.827346_84.642134,20.8273,84.6421,4.998,89.793,ANGUL,ATHAMALLIK,ANANDA PUR,,10,13.4464,12.6,6.601,15.0,9.5493,1363.7987,48.0,9,Kurei Holarrhena antidysenterica,0.2,14,14.0,0.0,6,6.0,0.20303582404619136,0.6282068374853542
20.828018_84.64283,20.828,84.6428,4.811,110.1271,ANGUL,ATHAMALLIK,ANANDA PUR,,10,18.6453,12.44,6.546,22.0,10.8862,2065.672,58.0,8,Asana Terminalia alata,0.2,14,13.666666984558105,0.4714045207910317,6,6.0,0.14911677198066145,0.674197856711132
20.828198_84.64423,20.8282,84.6442,3.801,107.9487,ANGUL,ATHAMALLIK,ANANDA PUR,,10,11.3558,5.34,2.916,14.0,6.1434,867.9515,88.0,7,Asana Terminalia alata,0.3,13,13.55555534362793,0.4969039949999476,7,7.0,0.20475153528852635,0.6168515531045186
20.926499_85.652478,20.9265,85.6525,3.9,14.59,DHENKANAL,KAMAKHYANAGAR,TULASIPASI,,13,42.5351,33.84,13.4615,49.0,6.6355,1008.9628,23.0,5,Sala Shorea robusta,0.3077,17,16.66666603088379,1.0540925533894598,6,6.333333492279053,0.1534716390373706,0.6321772171983187
20.926894_85.66691,20.9269,85.6669,0.665,4.757,DHENKANAL,KAMAKHYANAGAR,TULASIPASI,,6,9.3021,7.6,7.1667,10.0,5.0399,208.8909,8.0,4,Sunari Cassia fistula,0.3333,9,9.777777671813965,1.6178021976178925,7,6.666666507720947,0.07372152494164863,0.4325535703192326
20.927937_85.652632,20.9279,85.6526,0.68,22.781,DHENKANAL,KAMAKHYANAGAR,TULASIPASI,,15,4.2597,8.4,3.8667,9.0,4.52,268.7331,23.0,5,Sala Shorea robusta,0.6,14,13.777777671813965,0.41573970964156254,6,6.333333492279053,0.11106790709241315,0.640520888834128
20.931564_85.663294,20.9316,85.6633,1.024,44.493,DHENKANAL,KAMAKHYANAGAR,TULASIPASI,,8,12.0898,10.6,7.225,15.0,12.1356,1634.6008,23.0,5,Sala Shorea robusta,0.5,13,13.0,0.0,5,5.0,0.1522952172379236,0.7101266584918264
20.931593_85.663369,20.9316,85.6634,1.543,18.106,DHENKANAL,KAMAKHYANAGAR,TULASIPASI,,15,14.8442,19.6,11.7333,25.0,3.8622,236.0268,33.0,12,Ambeda_Spondias_pinnata,0.2,13,13.0,0.0,5,5.0,0.1569051578801914,0.7109374720707818
20.934691_85.665477,20.9347,85.6655,4.192,23.4906,DHENKANAL,KAMAKHYANAGAR,TULASIPASI,,19,9.9271,14.0,5.7895,16.0,5.8133,680.1486,18.0,8,Sala Shorea robusta,0.4737,13,13.0,0.0,5,5.55555534362793,0.13310574631221211,0.740513688179398
20.935038_85.668127,20.935,85.6681,3.9,53.929,DHENKANAL,KAMAKHYANAGAR,TULASIPASI,,16,5.7309,7.2,3.5688,10.0,9.6687,1680.517,8.0,7,saugan Tectona grandis,0.375,14,14.0,0.0,5,5.0,0.22962825487107844,0.6670713587377933
20.967839_85.697164,20.9678,85.6972,3.9,-3.2407,DHENKANAL,KANKADAHAD,KANKANA,,17,8.058,13.62,4.9982,45.0,7.4634,1615.9415,28.0,6,Mahula Madhuca indica,0.2941,18,17.66666603088379,0.4714045207910317,6,6.0,0.1284628648515765,0.6872774118938965
20.968462_85.697621,20.9685,85.6976,3.9,0.3196,DHENKANAL,KANKADAHAD,KANKANA,,16,2.7,3.02,2.0375,3.1,3.2826,197.5909,2.5,6,Mahula Madhuca indica,0.4375,17,16.66666603088379,0.4714045207910317,7,6.55555534362793,0.13756735932515862,0.45849727600314993
20.96877_85.697427,20.9688,85.6974,4.9,-23.303,DHENKANAL,KANKADAHAD,KANKANA,,20,9.76,10.0,5.485,12.0,13.6475,5623.9985,2.5,6,Mahula Madhuca indica,0.6,17,17.22222137451172,0.41573970964156254,6,6.0,0.17347375462292702,0.6384915891656747
20.969023_85.695805,20.969,85.6958,4.864,0.0293,DHENKANAL,KANKADAHAD,KANKANA,,16,5.9298,6.26,3.2875,7.0,14.1668,5200.1021,53.0,5,Eucalyptus Eucalyptus spp.,0.4375,16,16.22222137451172,0.41573970964156254,6,6.0,0.16289914490662452,0.6337600058959586
20.970158_85.69672,20.9702,85.6967,4.898,-9.1575,DHENKANAL,KANKADAHAD,KANKANA,,11,7.0182,7.0,4.8182,10.0,20.6612,7283.0894,23.0,7,Mahula Madhuca indica,0.4545,17,16.66666603088379,0.4714045207910317,6,6.0,0.14753053487101137,0.7274536507485413
20.970671_85.695629,20.9707,85.6956,4.084,-6.993,DHENKANAL,KANKADAHAD,KANKANA,,11,4.0934,4.4,2.9745,5.0,5.1682,401.9188,28.0,5,Kendu Diospyros melanoxylon,0.3636,15,15.0,0.0,6,6.0,0.21411917527087618,0.7163666811169991
20.971334_85.696502,20.9713,85.6965,4.63,-2.0902,DHENKANAL,KANKADAHAD,KANKANA,,15,4.3355,5.8,2.9,7.0,12.0958,2507.1678,28.0,8,Kauchia Strychnos nux vomica,0.2,15,15.55555534362793,0.4969039949999476,6,6.0,0.1800511715610928,0.6992953652139865
20.972437_85.695593,20.9724,85.6956,4.873,-1.6497,DHENKANAL,KANKADAHAD,KANKANA,,10,7.5824,5.7,3.35,10.0,9.0082,1063.2346,18.0,7,Mahula Madhuca indica,0.3,14,14.222222328186035,0.41573970964156254,6,6.0,0.2038247137570369,0.7067825522283322
21.018825_85.612578,21.0188,85.6126,4.728,57.103,DHENKANAL,KANKADAHAD,BALIKUMA,Balikurma,36,15.2067,17.3,7.4389,22.0,11.5069,7627.9288,73.0,16,Sala Shorea robusta,0.2222,20,20.0,0.0,8,8.0,0.15737200457911896,0.7465850423044537
21.018991_85.615656,21.019,85.6157,3.9,56.358,DHENKANAL,KANKADAHAD,BALIKUMA,Balikurma,51,17.2155,24.0,9.7961,27.0,14.4619,13441.0336,48.0,18,Asana Terminalia alata,0.2353,20,20.0,0.0,7,7.0,0.1502212150014944,0.7505452736570022
21.019655_85.619941,21.0197,85.6199,4.971,64.8121,DHENKANAL,KANKADAHAD,BALIKUMA,Balikurma,41,15.2943,19.0,8.0749,22.0,12.2472,8555.8315,83.0,12,Sala Shorea robusta,0.3415,21,21.0,0.0,7,7.0,0.1089494548103932,0.7798569147514459
21.019794_85.61085,21.0198,85.6108,3.9,44.464,DHENKANAL,KANKADAHAD,BALIKUMA,Balikurma,30,14.3785,16.5,4.89,21.0,7.0283,2736.1424,73.0,12,Sala Shorea robusta,0.2,20,20.11111068725586,0.31426968052731874,7,7.111111164093018,0.13923494271887615,0.7651302110040383
21.019849_85.61665,21.0198,85.6167,4.613,70.5288,DHENKANAL,KANKADAHAD,BALIKUMA,Balikurma,55,16.4147,21.5,9.7855,22.0,14.4333,14844.2471,78.0,22,Asana Terminalia alata,0.2182,19,19.22222137451172,0.41573970964156254,8,8.0,0.14863484383747402,0.7430853134914565
21.021416_85.610006,21.0214,85.61,3.9,76.934,DHENKANAL,KANKADAHAD,BALIKUMA,Balikurma,21,13.2802,15.62,6.0019,26.0,12.1397,5680.368,58.0,10,Kendu Diospyros melanoxylon,0.2857,22,21.66666603088379,0.4714045207910317,7,7.0,0.15591829570032104,0.7434138200792844
21.02179_85.618937,21.0218,85.6189,3.9,79.73,DHENKANAL,KANKADAHAD,BALIKUMA,Balikurma,18,13.5938,11.78,5.3167,19.0,8.8649,2592.8306,63.0,7,Sala Shorea robusta,0.3889,21,21.0,0.0,7,7.333333492279053,0.11368758267269251,0.7892717928783507
21.021861_85.613366,21.0219,85.6134,3.9,65.386,DHENKANAL,KANKADAHAD,BALIKUMA,Balikurma,33,16.4918,19.4,6.0115,21.0,8.8355,4212.513,43.0,14,Sala Shorea robusta,0.2424,21,21.55555534362793,0.4969039949999985,8,7.666666507720947,0.1075377091868561,0.7772237107975292
21.022286_85.61525,21.0223,85.6153,3.9,69.101,DHENKANAL,KANKADAHAD,BALIKUMA,Balikurma,26,15.4248,18.12,5.6477,21.0,8.0814,3005.4032,48.0,15,Kendu Diospyros melanoxylon,0.1923,21,20.66666603088379,0.4714045207910317,7,7.0,0.09811787032854062,0.761156026868189
21.023003_85.611504,21.023,85.6115,3.9,56.863,DHENKANAL,KANKADAHAD,BALIKUMA,Balikurma,20,14.3739,17.0,6.714,21.0,11.4432,4437.0409,48.0,9,Sala Shorea robusta,0.25,21,21.77777862548828,0.6285393610547179,8,7.777777671813965,0.12023084378669026,0.7714269434667322
21.023941_85.616045,21.0239,85.616,3.9,51.181,DHENKANAL,KANKADAHAD,BALIKUMA,Balikurma,29,15.4371,17.0,5.5341,19.0,9.0993,4292.4884,53.0,13,Mahula Madhuca indica,0.1379,20,20.0,0.0,8,7.666666507720947,0.13598989425056626,0.7375726334870203
21.040585_85.690666,21.0406,85.6907,4.759,25.3214,DHENKANAL,KANKADAHAD,NUA SAHI,Kampulei,16,19.891,18.0,6.4188,25.0,4.9537,731.2374,28.0,7,Sala Shorea robusta,0.375,19,19.22222137451172,0.41573970964156254,6,6.0,0.15079847603132024,0.7364685895212761
21.041399_85.688028,21.0414,85.688,4.773,119.9,DHENKANAL,KANKADAHAD,NUA SAHI,Kampulei,17,15.8621,14.7,5.7753,21.0,9.334,3162.4286,38.0,10,Khakada_Casearia_elliptica,0.1765,22,22.0,0.0,7,7.111111164093018,0.16960074570682404,0.7159259308545438
21.043315_85.689977,21.0433,85.69,4.645,49.1512,DHENKANAL,KANKADAHAD,NUA SAHI,Kampulei,13,28.1504,28.0,11.6846,45.0,6.2462,1053.8771,38.0,8,Sala Shorea robusta,0.3077,21,21.0,0.0,7,7.222222328186035,0.17890119110798627,0.7343419225822214
21.043929_85.684979,21.0439,85.685,4.99,53.9468,DHENKANAL,KANKADAHAD,HADI SAHI,Kampulei,11,36.5057,27.6,13.5636,45.0,7.6857,1308.381,28.0,5,Sala Shorea robusta,0.2727,20,20.33333396911621,0.4714045207910317,6,6.0,0.18875010295853456,0.7127663331320948
21.044343_85.521868,21.0443,85.5219,4.394,32.6411,DHENKANAL,KANKADAHAD,ADHAPALLI,Adhapalli,19,5.8785,7.8,4.9068,8.0,5.3607,671.6676,13.0,9,Sala Shorea robusta,0.2105,20,20.55555534362793,0.6849348892187711,7,7.0,0.09139201561308519,0.6641588822240758
21.044772_85.519605,21.0448,85.5196,4.532,34.2317,DHENKANAL,KANKADAHAD,ADHAPALLI,Adhapalli,25,6.3517,8.2,5.32,9.0,5.3966,771.0592,8.0,12,Arjuna Terminalia arjuna,0.2,23,22.66666603088379,0.4714045207910317,6,6.0,0.11710546835829169,0.6637921081600169
21.045566_85.52362,21.0456,85.5236,4.945,22.3894,DHENKANAL,KANKADAHAD,ADHAPALLI,Adhapalli,22,6.908,8.4,5.8182,9.0,4.6738,586.1911,8.0,12,Bara Ficus benghalensis,0.1818,22,22.44444465637207,0.4969039949999985,6,6.0,0.137006732342979,0.6864253710417023
21.046197_85.525567,21.0462,85.5256,4.955,27.8369,DHENKANAL,KANKADAHAD,ADHAPALLI,Adhapalli,20,6.3703,8.4,5.55,9.0,5.6936,676.8441,2.5,15,Sala Shorea robusta,0.15,16,16.22222137451172,0.41573970964156254,5,5.44444465637207,0.1121901694585618,0.5177927017563665
21.046237_85.520861,21.0462,85.5209,11.263,42.3455,DHENKANAL,KANKADAHAD,ADHAPALLI,Adhapalli,11,9.3809,10.6,7.2727,23.0,4.5174,282.316,8.0,6,Kendu Diospyros melanoxylon,0.3636,26,25.66666603088379,0.4714045207910317,6,6.0,0.10776869755029916,0.7234251137548263
21.046252_85.683699,21.0463,85.6837,4.645,65.861,DHENKANAL,KANKADAHAD,NUA SAHI,Kampulei,17,26.5972,29.2,13.0882,35.0,7.3998,1730.3182,53.0,8,Sala Shorea robusta,0.3529,19,19.0,0.0,6,6.0,0.17062558048184942,0.7309622596874908
21.047075_85.526962,21.0471,85.527,4.802,28.1181,DHENKANAL,KANKADAHAD,ADHAPALLI,Adhapalli,9,7.7994,7.6,6.3333,9.0,5.1683,306.0431,2.5,7,Amba Mangifera indica,0.2222,20,20.33333396911621,0.4714045207910317,7,7.0,0.13932381041949707,0.5702651411510332
21.047435_85.691744,21.0474,85.6917,4.347,64.1084,DHENKANAL,KANKADAHAD,NUA SAHI,Kampulei,14,18.9746,20.8,8.6643,28.0,8.5171,1703.6948,38.0,6,Sala Shorea robusta,0.5,21,20.77777862548828,0.41573970964156254,7,7.0,0.1662073219720515,0.7294236513083046
21.047558_85.52488,21.0476,85.5249,4.756,3.2191,DHENKANAL,KANKADAHAD,ADHAPALLI,Adhapalli,12,7.4761,8.2,6.3333,9.0,4.9386,347.7906,8.0,8,Kendu Diospyros melanoxylon,0.3333,17,17.22222137451172,0.6285393610547179,6,6.0,0.1279162328863405,0.6786263115685726
21.047646_85.527402,21.0476,85.5274,4.654,28.4915,DHENKANAL,KANKADAHAD,ADHAPALLI,Adhapalli,11,6.72,7.4,5.8182,8.0,5.2466,344.5504,2.5,8,Amba Mangifera indica,0.2727,20,20.77777862548828,0.41573970964156254,8,7.666666507720947,0.15020504985113362,0.640671758688157
21.047655_85.526258,21.0477,85.5263,4.945,12.1804,DHENKANAL,KANKADAHAD,ADHAPALLI,Adhapalli,13,8.1821,8.6,6.8462,9.0,5.0636,382.2565,8.0,10,Kendu Diospyros melanoxylon,0.2308,19,19.33333396911621,0.4714045207910317,7,7.0,0.13003072957179945,0.6675249612530263
21.048412_85.523557,21.0484,85.5236,4.921,9.0944,DHENKANAL,KANKADAHAD,ADHAPALLI,Adhapalli,13,6.8378,7.4,5.8462,8.0,4.4801,324.202,2.5,9,Kendu Diospyros melanoxylon,0.2308,17,17.33333396911621,0.4714045207910317,5,5.0,0.1279427937586438,0.7027753867365436
21.048834_85.524919,21.0488,85.5249,4.797,37.5809,DHENKANAL,KANKADAHAD,ADHAPALLI,Adhapalli,11,8.3127,8.6,7.0,9.0,5.3404,350.771,2.5,9,Arjuna Terminalia arjuna,0.1818,15,15.11111068725586,0.31426968052731874,6,6.111111164093018,0.14421872524407173,0.6777974491244939
21.049949_85.690852,21.0499,85.6909,4.502,69.4401,DHENKANAL,KANKADAHAD,NUA SAHI,Kampulei,18,18.0767,21.4,10.3278,25.0,9.5405,2112.8813,63.0,8,Sala Shorea robusta,0.3889,20,20.0,0.0,7,7.0,0.12923384182852674,0.7472667035079805
21.050477_85.686889,21.0505,85.6869,4.716,66.809,DHENKANAL,KANKADAHAD,NUA SAHI,Kampulei,13,17.9905,21.6,10.2923,25.0,10.6879,1807.5426,58.0,7,Sala Shorea robusta,0.3077,23,23.22222137451172,0.41573970964156254,8,7.44444465637207,0.13820559917603625,0.751119984477875
21.052047_85.690007,21.052,85.69,4.386,85.0194,DHENKANAL,KANKADAHAD,NUA SAHI,Kampulei,15,18.6093,18.8,7.16,25.0,5.1078,625.2442,83.0,7,Sala Shorea robusta,0.4667,21,20.66666603088379,0.4714045207910317,7,7.111111164093018,0.13036459602596034,0.7435907747927197
21.074972_85.389524,21.075,85.3895,2.142,108.6992,DHENKANAL,KANKADAHAD,MAHABIR ROAD,Mahabirod,28,11.0292,17.0,9.6429,25.0,7.8213,1485.8705,23.0,3,Sala Shorea robusta,0.9286,17,17.44444465637207,0.4969039949999476,6,6.0,0.126842960679866,0.7281388772059826
21.075714_85.392354,21.0757,85.3924,0.835,117.146,DHENKANAL,KANKADAHAD,KANKADAHAD,Mahabirod,19,15.5566,22.0,11.0647,27.0,7.0782,978.027,58.0,5,Sala Shorea robusta,0.4737,18,17.88888931274414,0.31426968052731874,6,5.777777671813965,0.13874494455201605,0.6548518184878404
21.076582_85.388847,21.0766,85.3888,4.7,109.122,DHENKANAL,KANKADAHAD,BURUGI BHUIN,Mahabirod,38,15.4112,22.0,10.5295,30.0,6.2992,1567.8353,13.0,2,Sala Shorea robusta,0.9737,18,18.0,0.0,5,5.0,0.14546740894357588,0.7103240444291001
21.077312_85.39015,21.0773,85.3902,4.1,107.9461,DHENKANAL,KANKADAHAD,BURUGI BHUIN,Mahabirod,36,13.5677,21.0,11.9333,30.0,7.7013,1864.5797,8.0,3,Sala Shorea robusta,0.9167,20,20.0,0.0,6,5.666666507720947,0.16509734578130317,0.6774656174445635
21.077442_85.388795,21.0774,85.3888,2.216,100.6617,DHENKANAL,KANKADAHAD,BURUGI BHUIN,Mahabirod,30,22.7777,21.0,11.7047,30.0,12.7324,7779.6528,48.0,4,Sala Shorea robusta,0.8667,20,19.44444465637207,0.4969039949999476,5,5.0,0.15495769891612698,0.6853602847799216
21.077809_85.392112,21.0778,85.3921,1.392,131.205,DHENKANAL,KANKADAHAD,BURUGI BHUIN,Mahabirod,21,29.7226,36.0,21.2524,45.0,15.582,7737.9542,73.0,9,Sala Shorea robusta,0.2381,20,19.77777862548828,0.41573970964156254,6,6.0,0.1280305874731452,0.7353327705729453
21.078879_85.387094,21.0789,85.3871,1.771,117.236,DHENKANAL,KANKADAHAD,BURUGI BHUIN,Mahabirod,26,20.21,25.4,14.4565,27.0,11.0613,3136.0885,78.0,5,Sala Shorea robusta,0.8077,19,19.55555534362793,0.4969039949999476,6,6.0,0.13402458971246686,0.6544035097714253
21.078934_85.390421,21.0789,85.3904,1.719,146.113,DHENKANAL,KANKADAHAD,BURUGI BHUIN,Mahabirod,11,45.5165,47.2,34.5455,50.0,12.2115,1620.1973,78.0,5,Dheura_Anogeissus_latifolia,0.3636,21,21.0,0.0,6,6.0,0.20539460254318076,0.7044442475276527
21.079134_85.389512,21.0791,85.3895,0.841,142.919,DHENKANAL,KANKADAHAD,BURUGI BHUIN,Mahabirod,12,23.8603,26.8,19.25,31.0,20.5045,5807.8026,78.0,7,Sala Shorea robusta,0.3333,20,20.22222137451172,0.6285393610547179,7,6.55555534362793,0.128890523329492,0.7290091201080413
21.106127_85.565469,21.1061,85.5655,5.486,75.4515,DHENKANAL,KANKADAHAD,BALI SAHI,Kerijoli,22,13.2136,13.6,4.6,18.0,7.162,2082.622,23.0,4,Sala Shorea robusta,0.6364,26,25.77777862548828,0.41573970964156254,9,8.666666984558105,0.14878484176205362,0.6739757473863861
21.106491_85.565027,21.1065,85.565,4.538,31.4166,DHENKANAL,KANKADAHAD,BALI SAHI,Kerijoli,30,14.1974,17.6,4.5517,20.0,6.4829,2347.615,23.0,3,Sala Shorea robusta,0.5,25,25.66666603088379,0.6666666666666666,9,8.666666984558105,0.13822096769620845,0.6880217375557607
21.107106_85.56567,21.1071,85.5657,5.372,52.8516,DHENKANAL,KANKADAHAD,BALI SAHI,Kerijoli,25,21.4061,25.0,6.9248,30.0,8.6962,3261.3235,33.0,5,Sala Shorea robusta,0.4,29,29.0,0.6666666666666666,8,8.0,0.13559597175404556,0.6647868374971027
21.10777_85.564995,21.1078,85.565,4.909,55.9911,DHENKANAL,KANKADAHAD,BALI SAHI,Kerijoli,28,22.3455,32.2,11.3014,45.0,9.9017,3991.2081,33.0,2,Sala Shorea robusta,0.6786,31,31.0,0.0,8,7.777777671813965,0.14079055911102434,0.6415034912499662
21.108009_85.565539,21.108,85.5655,4.972,57.4966,DHENKANAL,KANKADAHAD,BALI SAHI,Kerijoli,24,30.6359,36.0,12.0812,40.0,9.0718,3448.5693,33.0,9,Sala Shorea robusta,0.375,30,30.33333396911621,0.4714045207910317,8,7.888888835906982,0.127556322579691,0.7191182303650442
21.108207_85.564337,21.1082,85.5643,4.3,50.6636,DHENKANAL,KANKADAHAD,BALI SAHI,Kerijoli,30,17.4107,20.6,7.4333,25.0,8.1806,3371.2996,33.0,4,Sala Shorea robusta,0.6,28,28.0,0.0,9,8.44444465637207,0.12926286879285215,0.6661619410813326
21.108502_85.564922,21.1085,85.5649,4.818,41.8352,DHENKANAL,KANKADAHAD,BALI SAHI,Kerijoli,18,18.1281,19.6,7.9444,25.0,10.1505,3050.0453,28.0,3,Sala Shorea robusta,0.6667,31,30.88888931274414,0.31426968052731874,7,7.55555534362793,0.13080698254906536,0.6802541312346353
21.109137_85.564208,21.1091,85.5642,4.588,48.5725,DHENKANAL,KANKADAHAD,BALI SAHI,Kerijoli,16,17.0837,14.8,6.1219,25.0,7.9776,1800.2811,28.0,2,Sala Shorea robusta,0.5625,32,32.0,1.1547005383792515,8,7.888888835906982,0.10299974764321841,0.6553968460664022
21.109653_85.563835,21.1097,85.5638,6.561,63.182,DHENKANAL,KANKADAHAD,BALI SAHI,Kerijoli,18,12.5635,14.8,6.1806,17.0,9.7615,2496.1861,23.0,4,Sala Shorea robusta,0.5556,30,29.66666603088379,0.4714045207910317,8,7.44444465637207,0.13843349694201196,0.5550985798130763
21.110522_85.56385,21.1105,85.5638,6.238,55.5717,DHENKANAL,KANKADAHAD,BALI SAHI,Kerijoli,22,14.2493,15.0,5.1586,23.0,8.551,2706.3502,23.0,4,Sala Shorea robusta,0.6818,25,25.22222137451172,0.41573970964156254,8,8.222222328186035,0.14068074863426328,0.621724430444147
21.154502_85.365229,21.1545,85.3652,8.65,83.6,DHENKANAL,KANKADAHAD,RAIJHARANA,Pangatira,24,12.0675,12.4,7.275,13.0,9.7615,6195.2653,83.0,6,Sala Shorea robusta,0.4167,12,12.777777671813965,0.41573970964156254,5,5.55555534362793,0.17344018877628373,0.7045016567956618
21.155752_85.365857,21.1558,85.3659,4.706,83.1999,DHENKANAL,KANKADAHAD,RAIJHARANA,Pangatira,27,8.4458,14.0,7.5741,17.0,13.3454,7837.5454,68.0,9,Sala Shorea robusta,0.2222,13,12.777777671813965,0.41573970964156254,6,5.44444465637207,0.15219159429898804,0.6716785094455788
21.156085_85.364999,21.1561,85.365,3.55,95.7,DHENKANAL,KANKADAHAD,RAIJHARANA,Pangatira,26,16.1918,17.4,10.33,20.0,7.9455,2320.3995,8.0,6,Sala Shorea robusta,0.6538,11,11.222222328186035,0.41573970964156254,5,5.111111164093018,0.13363460618804998,0.6116307063259736
21.156_85.367028,21.156,85.367,4.95,78.0,DHENKANAL,KANKADAHAD,RAIJHARANA,Pangatira,21,9.7741,11.4,6.9667,13.0,15.3243,7511.8746,88.0,6,Sala Shorea robusta,0.3333,13,13.0,0.0,5,5.0,0.18231516208071136,0.6439867202999747
21.157913_85.365213,21.1579,85.3652,4.1,81.9,DHENKANAL,KANKADAHAD,RAIJHARANA,Pangatira,20,9.2464,10.2,7.1225,11.0,10.3371,2851.3603,68.0,6,Asana Terminalia alata,0.3,11,10.666666984558105,1.0540925533894598,5,6.0,0.13161283803186707,0.7188252467261752
21.158187_85.36696,21.1582,85.367,3.9,73.8,DHENKANAL,KANKADAHAD,RAIJHARANA,Pangatira,19,10.0648,10.8,6.6816,11.0,20.6231,14345.1523,78.0,6,Sala Shorea robusta,0.3684,9,10.666666984558105,1.4907119849998598,6,6.0,0.1257906927160484,0.528737971770254
21.158748_85.364022,21.1587,85.364,3.9,80.8,DHENKANAL,KANKADAHAD,RAIJHARANA,Pangatira,24,14.0243,11.8,5.9854,18.0,9.4034,6109.5206,58.0,6,Sala Shorea robusta,0.375,15,14.666666984558105,0.4714045207910317,6,5.777777671813965,0.13751157767915634,0.7100416513873192
21.15983_85.365755,21.1598,85.3658,3.0,75.1,DHENKANAL,KANKADAHAD,RAIJHARANA,Pangatira,10,12.6559,12.2,8.615,15.0,22.1862,6624.9041,88.0,4,Sala Shorea robusta,0.4,14,12.333333015441895,1.3333333333333333,6,6.333333492279053,0.17100244523116218,0.6254471923334592
21.160104_85.363229,21.1601,85.3632,4.86,81.1,DHENKANAL,KANKADAHAD,RAIJHARANA,Pangatira,23,15.978,11.0,5.5848,17.0,7.2727,4239.5097,68.0,7,Sala Shorea robusta,0.3043,16,16.0,0.0,6,6.0,0.1416549242889153,0.7333651947373764
21.161816_85.365742,21.1618,85.3657,4.445,66.3,DHENKANAL,KANKADAHAD,RAIJHARANA,Pangatira,6,13.6647,10.8,9.3333,20.0,15.6502,2552.9249,68.0,3,Sala Shorea robusta,0.5,13,13.333333015441895,0.4714045207910317,5,5.222222328186035,0.15917075407830567,0.6792585802261508
21.574184_85.390018,21.5742,85.39,4.269,618.8977,KENDUJHAR,BANSPAL,BHANRADI SAHI,,23,0.1607,0.19,0.157,0.19,0.739,10.6077,2.5,8,Kurei Holarrhena antidysenterica,0.3913,13,13.222222328186035,0.41573970964156254,7,7.0,0.26267656595034594,0.5110224521666111
21.574526_85.389458,21.5745,85.3895,4.755,619.8278,KENDUJHAR,BANSPAL,BHANRADI SAHI,,15,2.4403,2.68,1.4467,3.0,1.5067,81.5669,63.0,4,Harida Termanalia Chebula,0.6,14,13.88888931274414,0.8748897637790918,7,6.888888835906982,0.27124251140710903,0.4973162820509336
21.574774_85.38847,21.5748,85.3885,3.9,614.9226,KENDUJHAR,BANSPAL,BHANRADI SAHI,,12,2.73,3.14,1.8533,4.3,1.9152,52.3333,2.5,10,Khakada_Casearia_elliptica,0.1667,12,11.88888931274414,0.7370277311900908,7,7.111111164093018,0.2496481024837249,0.47633884584795133
21.574844_85.390232,21.5748,85.3902,4.804,611.1603,KENDUJHAR,BANSPAL,JAKARBANDHA SAHI,,12,7.952,3.24,1.6417,8.0,4.5359,1572.5304,63.0,8,Sala Shorea robusta,0.25,15,15.0,0.0,6,6.111111164093018,0.2399300025834805,0.6387763244035444
21.575176_85.390956,21.5752,85.391,4.132,581.4773,KENDUJHAR,BANSPAL,BHANRADI SAHI,,30,4.0219,4.96,2.1647,6.2,3.9683,727.6564,8.0,13,Other,0.1667,16,15.777777671813965,0.41573970964156254,7,7.333333492279053,0.1621546850670601,0.6907920656059326
21.57564_85.38927,21.5756,85.3893,4.664,585.4368,KENDUJHAR,BANSPAL,BHANRADI SAHI,,20,7.0206,8.0,3.55,9.0,5.3158,3877.8102,73.0,2,Harida Termanalia Chebula,0.65,14,14.333333015441895,0.4714045207910317,8,8.0,0.23011776498693315,0.6223903982670775
21.575764_85.387851,21.5758,85.3879,4.694,606.0366,KENDUJHAR,BANSPAL,BHANRADI SAHI,,13,18.0982,17.72,8.1115,28.0,5.1444,500.7659,38.0,5,Sala Shorea robusta,0.4615,7,6.55555534362793,0.49690399499995397,8,7.777777671813965,0.17655317398999948,0.7434916106046988
21.614841_85.407242,21.6148,85.4072,3.863,480.3118,KENDUJHAR,BANSPAL,BHANRADI SAHI,,18,9.5008,5.06,2.3722,10.5,4.7746,2042.7537,83.0,6,Poka sungha Pogostemon benghalense,0.3889,11,12.222222328186035,1.2272623352430334,9,7.888888835906982,0.11284240668718185,0.33418887509144357
21.6178_85.381345,21.6178,85.3813,4.836,511.9006,KENDUJHAR,BANSPAL,TUNKULSAHI,,17,0.7566,1.024,0.5294,1.2,0.749,8.4352,18.0,5,Kendu Diospyros melanoxylon,0.4118,15,15.222222328186035,0.41573970964156254,8,7.666666507720947,0.18427171683567015,0.41182704440541795
21.618997_85.379154,21.619,85.3792,3.79,547.7037,KENDUJHAR,BANSPAL,TUNKULSAHI,,21,14.9753,4.072,1.2348,15.0,4.4715,4982.1068,63.0,10,Putuli Stereospermum colais,0.3333,18,17.88888931274414,0.31426968052731874,6,6.0,0.1357003103937477,0.6975046780771138
21.621938_85.383944,21.6219,85.3839,4.448,470.2953,KENDUJHAR,BANSPAL,TUNKULSAHI,,8,0.8265,0.596,0.5,0.89,1.2732,21.3666,2.5,5,Pijuli Psidium guajava,0.375,13,13.55555534362793,0.4969039949999476,7,7.55555534362793,0.19334788796348729,0.584272833053178
21.62195_85.383933,21.622,85.3839,4.801,478.301,KENDUJHAR,BANSPAL,TUNKULSAHI,,19,12.5285,11.5,3.54,35.0,4.0191,1682.4627,23.0,7,Other,0.3158,14,14.11111068725586,0.7370277311900908,8,7.777777671813965,0.20689365163377907,0.5628609400363164
