plot_key,district,habitation,site_polygon,crown_cover_pct,meta_chm,habitat,hab_frac,indiasat_has_data,worldcover,lulc_2017,lulc_2018,lulc_2019,lulc_2020,lulc_2021
18.55814_82.928984,KORAPUT,CHAMPAKENDA,,33.0,10,1,1.0,1,10,6,6,6,6,6
18.575806_82.837232,KORAPUT,HANDAPUR,,28.0,0,0,0.15791292328956463,1,30,10,10,10,11,10
18.576485_82.834653,KORAPUT,HANDAPUR,,28.0,0,1,1.0,1,30,11,6,6,6,6
18.576947_82.837561,KORAPUT,HANDAPUR,,33.0,0,1,1.0,1,10,6,6,6,6,6
18.577371_82.836942,KORAPUT,HANDAPUR,,23.0,0,1,1.0,1,30,6,6,6,6,6
18.577439_82.833436,KORAPUT,HANDAPUR,,38.0,0,1,1.0,1,10,6,6,6,6,6
18.577547_82.836866,KORAPUT,HANDAPUR,,28.0,0,1,1.0,1,10,6,6,6,6,6
18.577639_82.837776,KORAPUT,HANDAPUR,,33.0,0,1,1.0,1,10,6,6,6,6,6
18.577673_82.838437,KORAPUT,HANDAPUR,,38.0,0,1,1.0,1,30,6,6,6,6,6
18.577748_82.835758,KORAPUT,HANDAPUR,,23.0,0,1,1.0,1,30,6,6,6,6,6
18.577832_82.83856,KORAPUT,HANDAPUR,,23.0,0,1,1.0,1,30,6,6,6,6,6
18.578127_82.840014,KORAPUT,HANDAPUR,,18.0,0,1,1.0,1,30,6,6,6,6,6
18.578158_82.833453,KORAPUT,HANDAPUR,,48.0,3,1,0.9596273291925466,1,30,6,6,6,6,6
18.57816_82.833364,KORAPUT,HANDAPUR,,23.0,0,1,0.8607463718037319,1,30,6,11,11,6,6
18.578309_82.834858,KORAPUT,HANDAPUR,,38.0,0,1,1.0,1,10,6,6,6,6,6
18.578415_82.837159,KORAPUT,HANDAPUR,,28.0,0,1,1.0,1,30,6,6,6,6,6
18.57855_82.839376,KORAPUT,HANDAPUR,,38.0,0,1,1.0,1,30,6,6,6,6,6
18.578663_82.834354,KORAPUT,HANDAPUR,,18.0,0,1,1.0,1,10,6,6,6,6,6
18.578716_82.835005,KORAPUT,HANDAPUR,,23.0,0,1,1.0,1,30,6,6,6,6,6
18.578741_82.834651,KORAPUT,HANDAPUR,,38.0,0,1,1.0,1,30,6,6,6,6,6
18.579554_82.833869,KORAPUT,HANDAPUR,,23.0,0,1,0.9143054595715273,1,30,12,12,12,12,12
18.586698_82.830332,KORAPUT,HATIMUNDA,,43.0,0,1,1.0,1,10,6,6,6,6,6
18.587339_82.828831,KORAPUT,HATIMUNDA,,43.0,7,1,1.0,1,10,6,6,6,6,6
18.587424_82.827393,KORAPUT,HATIMUNDA,,78.0,0,1,1.0,1,10,6,6,6,6,6
18.587441_82.81896,KORAPUT,BILAPUT,,28.0,0,1,1.0,1,30,6,6,6,6,6
18.588535_82.82654,KORAPUT,HATIMUNDA,,53.0,7,1,1.0,1,10,6,6,6,6,6
18.58884_82.818969,KORAPUT,BILAPUT,,38.0,0,1,1.0,1,10,6,6,6,6,6
18.589041_82.818128,KORAPUT,BILAPUT,,43.0,0,1,1.0,1,30,6,6,6,6,6
18.589244_82.825077,KORAPUT,HATIMUNDA,,68.0,3,1,1.0,1,10,6,6,6,6,6
18.589309_82.825484,KORAPUT,HATIMUNDA,,33.0,2,1,1.0,1,10,6,6,6,6,6
18.589582_82.817618,KORAPUT,BILAPUT,,38.0,0,1,1.0,1,10,6,12,12,12,12
18.589732_82.827324,KORAPUT,HATIMUNDA,,13.0,1,1,1.0,1,10,6,6,6,6,6
18.590069_82.822561,KORAPUT,HATIMUNDA,,58.0,5,1,1.0,1,10,6,6,6,6,6
18.590157_82.829946,KORAPUT,HATIMUNDA,,13.0,0,1,1.0,1,30,6,6,6,6,6
18.590763_82.817554,KORAPUT,BILAPUT,,28.0,0,1,1.0,1,10,12,12,12,12,12
18.590785_82.824487,KORAPUT,HATIMUNDA,,13.0,0,1,1.0,1,10,6,6,6,6,6
18.590802_82.814215,KORAPUT,BILAPUT,,28.0,0,1,1.0,1,10,6,6,6,6,6
18.590809_82.826211,KORAPUT,HATIMUNDA,,13.0,0,0,0.26286701208980995,1,30,6,11,11,11,6
18.590818_82.825501,KORAPUT,HATIMUNDA,,13.0,0,0,0.417559626685102,1,30,11,11,11,11,11
18.590826_82.820535,KORAPUT,HATIMUNDA,,13.0,8,1,1.0,1,10,6,6,6,6,6
18.590907_82.822339,KORAPUT,HATIMUNDA,,13.0,8,1,1.0,1,10,6,6,6,6,6
18.591008_82.821617,KORAPUT,HATIMUNDA,,13.0,7,1,1.0,1,10,6,6,6,6,6
18.591102_82.824347,KORAPUT,HATIMUNDA,,8.0,0,1,0.8232654470141526,1,10,6,6,6,6,6
18.591333_82.817649,KORAPUT,BILAPUT,,28.0,0,1,1.0,1,10,6,6,6,6,6
18.591473_82.819057,KORAPUT,HATIMUNDA,,8.0,3,1,1.0,1,10,6,6,6,6,6
18.591548_82.816364,KORAPUT,BILAPUT,,48.0,0,1,1.0,1,10,12,12,12,12,6
18.591818_82.815917,KORAPUT,BILAPUT,,38.0,0,1,1.0,1,10,6,6,6,6,6
18.592142_82.814825,KORAPUT,BILAPUT,,33.0,0,1,1.0,1,10,6,6,6,6,6
18.59228_82.828686,KORAPUT,HATIMUNDA,,13.0,2,1,0.8994123746975459,1,10,6,6,6,6,6
18.592398_82.819353,KORAPUT,HATIMUNDA,,13.0,3,1,1.0,1,10,6,6,6,6,6
18.593711_82.815814,KORAPUT,HATIMUNDA,,13.0,0,1,1.0,1,30,6,6,6,6,6
18.594241_82.828147,KORAPUT,HATIMUNDA,,13.0,4,1,1.0,1,10,12,12,12,12,12
18.594449_82.811828,KORAPUT,HATIMUNDA,,18.0,0,1,1.0,1,30,6,6,6,6,6
18.594997_82.814868,KORAPUT,HATIMUNDA,,8.0,0,1,1.0,1,10,6,6,6,6,6
18.595014_82.827976,KORAPUT,HATIMUNDA,,23.0,3,1,1.0,1,10,6,6,6,12,12
18.595431_82.826381,KORAPUT,HATIMUNDA,,38.0,0,1,0.9657676348547719,1,30,6,6,6,6,6
18.595601_82.827027,KORAPUT,HATIMUNDA,,13.0,0,1,1.0,1,10,6,6,6,6,6
18.595819_82.826677,KORAPUT,HATIMUNDA,,13.0,0,1,1.0,1,10,6,6,6,6,6
18.596046_82.825038,KORAPUT,HATIMUNDA,,0.0,0,1,0.5852311939268462,1,30,6,6,6,6,6
18.596091_82.825235,KORAPUT,HATIMUNDA,,48.0,0,1,0.9026579219882638,1,30,6,6,6,6,6
18.596228_82.824514,KORAPUT,HATIMUNDA,,0.0,0,1,0.5319516407599312,1,30,6,6,6,6,6
18.596347_82.826101,KORAPUT,HATIMUNDA,,13.0,0,1,1.0,1,10,6,6,6,6,6
18.596368_82.824083,KORAPUT,HATIMUNDA,,0.0,0,0,0.14768806073153898,1,30,11,11,11,11,11
18.596488_82.814043,KORAPUT,HATIMUNDA,,18.0,0,1,1.0,1,10,6,6,6,6,6
18.596536_82.825133,KORAPUT,HATIMUNDA,,23.0,5,1,1.0,1,10,6,6,6,6,6
18.596726_82.822897,KORAPUT,HATIMUNDA,,0.0,0,0,0.0,1,30,11,10,11,11,11
18.596943_82.824312,KORAPUT,HATIMUNDA,,8.0,0,1,1.0,1,10,6,6,6,6,6
18.59697_82.823822,KORAPUT,HATIMUNDA,,28.0,0,1,1.0,1,30,12,12,12,12,12
18.597175_82.821483,KORAPUT,HATIMUNDA,,8.0,0,1,1.0,1,10,6,6,6,6,6
18.59731_82.823396,KORAPUT,HATIMUNDA,,0.0,0,1,1.0,1,30,6,6,6,6,6
18.59736_82.822354,KORAPUT,HATIMUNDA,,23.0,0,1,1.0,1,30,6,6,6,6,6
18.597398_82.824837,KORAPUT,HATIMUNDA,,48.0,0,1,1.0,1,10,6,12,12,12,12
18.597412_82.823824,KORAPUT,HATIMUNDA,,13.0,0,1,1.0,1,10,12,12,12,12,12
18.59743_82.823241,KORAPUT,HATIMUNDA,,8.0,0,1,1.0,1,30,6,6,6,6,6
18.597682_82.819763,KORAPUT,HATIMUNDA,,28.0,0,1,1.0,1,10,6,6,6,6,6
18.598169_82.819834,KORAPUT,HATIMUNDA,,18.0,0,1,1.0,1,30,6,6,6,6,6
18.598548_82.821378,KORAPUT,HATIMUNDA,,28.0,2,1,1.0,1,10,6,6,6,6,6
18.598995_82.819166,KORAPUT,HATIMUNDA,,23.0,0,1,1.0,1,10,6,6,12,12,6
18.602419_82.818844,KORAPUT,HATIMUNDA,,18.0,0,1,1.0,1,10,6,6,6,6,6
18.604711_82.818115,KORAPUT,HATIMUNDA,,18.0,0,1,0.7393855712806351,1,30,12,12,12,12,12
18.614284_82.839737,KORAPUT,BARIGUDA,,48.0,3,1,1.0,1,10,6,6,6,6,6
18.614533_82.839458,KORAPUT,BARIGUDA,,58.0,1,1,1.0,1,10,6,6,6,6,6
18.615426_82.839528,KORAPUT,BARIGUDA,,58.0,12,1,1.0,1,10,6,6,6,6,6
18.615788_82.855314,KORAPUT,KONDASRIMUNDA,,0.0,0,1,0.6816298342541437,1,30,6,6,6,8,10
18.615818_82.85548,KORAPUT,KONDASRIMUNDA,,0.0,0,1,0.912008281573499,1,30,6,6,6,6,6
18.615834_82.855468,KORAPUT,KONDASRIMUNDA,,0.0,0,1,0.9098756906077347,1,30,6,6,6,6,6
18.616194_82.856297,KORAPUT,KONDASRIMUNDA,,0.0,0,1,1.0,1,30,6,6,6,6,6
18.616558_82.841079,KORAPUT,BARIGUDA,,63.0,6,1,1.0,1,10,6,6,6,6,6
18.616631_82.839986,KORAPUT,BARIGUDA,,58.0,8,1,1.0,1,10,6,6,6,6,6
18.616679_82.843587,KORAPUT,BARIGUDA,,68.0,1,1,1.0,1,10,6,6,6,6,6
18.616705_82.856253,KORAPUT,KONDASRIMUNDA,,0.0,0,1,1.0,1,30,12,12,12,12,12
18.616708_82.839955,KORAPUT,BARIGUDA,,53.0,7,1,1.0,1,10,6,6,6,6,6
18.616768_82.842999,KORAPUT,BARIGUDA,,58.0,5,1,1.0,1,10,6,6,6,6,6
18.616998_82.84222,KORAPUT,BARIGUDA,,63.0,0,1,1.0,1,10,6,6,6,6,6
18.617277_82.841366,KORAPUT,BARIGUDA,,58.0,5,1,1.0,1,10,6,6,6,6,6
18.624624_82.933586,KORAPUT,KHASUGUDA,,48.0,0,0,0.0,1,30,11,11,11,11,11
18.637046_82.971078,KORAPUT,KHASUGUDA,,33.0,2,1,1.0,1,10,6,6,12,12,12
18.637227_82.968882,KORAPUT,KHASUGUDA,,38.0,11,1,1.0,1,30,6,6,6,6,6
18.637924_82.967885,KORAPUT,KHASUGUDA,,33.0,0,1,1.0,1,30,12,6,6,6,6
18.6389_82.971745,KORAPUT,KHASUGUDA,,58.0,1,1,1.0,1,30,12,12,12,6,6
18.639738_82.971846,KORAPUT,KHASUGUDA,,63.0,4,1,1.0,1,10,6,6,6,12,12
18.639916_82.968455,KORAPUT,KHASUGUDA,,28.0,0,1,1.0,1,30,12,12,12,12,12
18.640693_82.972283,KORAPUT,KHASUGUDA,,43.0,2,1,1.0,1,10,6,12,12,12,12
18.641832_82.972375,KORAPUT,KHASUGUDA,,38.0,0,1,1.0,1,10,6,12,12,12,12
18.641893_82.969522,KORAPUT,KHASUGUDA,,28.0,0,1,1.0,1,30,11,11,6,6,6
18.644529_82.974055,KORAPUT,KHASUGUDA,,48.0,1,1,1.0,1,10,6,6,6,6,6
18.652406_82.811505,KORAPUT,SAKIAGUDA,,68.0,8,1,1.0,1,10,6,6,6,6,6
18.652437_82.811106,KORAPUT,SAKIAGUDA,,58.0,3,1,1.0,1,10,6,6,6,6,6
18.65244_82.811768,KORAPUT,SAKIAGUDA,,68.0,6,1,1.0,1,10,6,6,6,6,6
18.652644_82.812857,KORAPUT,SAKIAGUDA,,78.0,4,1,1.0,1,10,6,6,6,6,6
18.652647_82.812143,KORAPUT,SAKIAGUDA,,58.0,7,1,1.0,1,10,6,6,6,6,6
18.652919_82.810902,KORAPUT,SAKIAGUDA,,58.0,4,1,1.0,1,10,6,6,6,6,6
18.653207_82.811814,KORAPUT,KHARAGUDA,,78.0,10,1,1.0,1,10,6,6,6,6,6
18.653365_82.811206,KORAPUT,KHARAGUDA,,63.0,5,1,1.0,1,10,6,6,6,6,6
18.653369_82.81268,KORAPUT,SAKIAGUDA,,63.0,7,1,1.0,1,10,6,6,6,6,6
18.676799_82.963237,KORAPUT,BARAKANTI,,48.0,8,1,1.0,1,10,6,6,6,6,6
18.677433_82.964683,KORAPUT,BARAKANTI,,38.0,8,1,1.0,1,10,6,6,6,6,6
18.678063_82.960975,KORAPUT,BARAKANTI,,38.0,5,1,1.0,1,10,6,6,6,6,6
18.678762_82.958297,KORAPUT,BARAKANTI,,43.0,3,1,1.0,1,10,6,6,6,6,6
18.678843_82.963663,KORAPUT,BARAKANTI,,38.0,6,1,1.0,1,10,6,6,6,6,6
18.679113_82.96907,KORAPUT,BARAKANTI,,38.0,2,1,1.0,1,10,6,6,6,6,6
18.679282_82.97123,KORAPUT,BARAKANTI,,43.0,8,1,1.0,1,10,6,6,6,6,6
18.679754_82.975404,KORAPUT,BARAKANTI,,38.0,1,1,1.0,1,10,12,12,12,12,12
18.680077_82.962886,KORAPUT,BARAKANTI,,38.0,5,1,1.0,1,10,6,6,6,6,6
18.680447_82.973233,KORAPUT,BARAKANTI,,33.0,2,1,1.0,1,10,6,6,6,6,6
18.681063_82.964409,KORAPUT,BARAKANTI,,53.0,2,1,1.0,1,10,6,6,6,6,6
18.681071_82.975365,KORAPUT,BARAKANTI,,43.0,4,1,1.0,1,10,12,12,12,12,12
18.681102_82.975437,KORAPUT,BARAKANTI,,43.0,4,1,1.0,1,10,12,12,12,12,12
18.681326_82.957064,KORAPUT,BARAKANTI,,38.0,1,1,1.0,1,10,6,6,6,6,6
18.681329_82.960893,KORAPUT,BARAKANTI,,33.0,0,1,1.0,1,10,6,6,6,6,6
18.681538_82.974712,KORAPUT,BARAKANTI,,48.0,8,1,1.0,1,10,6,6,6,6,6
18.681742_82.961581,KORAPUT,BARAKANTI,,63.0,4,1,1.0,1,10,6,6,6,6,6
18.681765_82.962915,KORAPUT,BARAKANTI,,68.0,2,1,1.0,1,10,6,6,6,6,6
18.681858_82.963077,KORAPUT,BARAKANTI,,53.0,2,1,1.0,1,10,6,6,6,6,6
18.681878_82.962774,KORAPUT,BARAKANTI,,53.0,2,1,1.0,1,10,6,6,6,6,6
18.682446_82.965478,KORAPUT,BARAKANTI,,38.0,1,1,1.0,1,10,6,6,6,6,6
18.68257_82.965576,KORAPUT,BARAKANTI,,58.0,3,1,1.0,1,10,6,6,6,6,6
18.682588_82.96899,KORAPUT,BARAKANTI,,48.0,2,1,1.0,1,10,6,12,12,12,12
18.68293_82.957086,KORAPUT,BARAKANTI,,43.0,0,1,1.0,1,10,6,6,6,6,6
18.682982_82.96547,KORAPUT,BARAKANTI,,48.0,0,1,1.0,1,10,6,6,6,6,6
18.683549_82.961884,KORAPUT,BARAKANTI,,48.0,0,1,1.0,1,10,6,6,6,6,6
18.683884_82.961298,KORAPUT,BARAKANTI,,53.0,3,1,1.0,1,10,6,6,6,6,6
18.684793_82.959743,KORAPUT,BARAKANTI,,48.0,10,1,1.0,1,10,6,6,6,6,6
18.686431_82.9618,KORAPUT,BARAKANTI,,63.0,0,0,0.5680248618784529,1,30,6,6,11,11,11
18.686566_82.958633,KORAPUT,BARAKANTI,,58.0,0,1,1.0,1,10,6,6,6,6,6
18.69107_82.868956,KORAPUT,BARAKANTI,,53.0,1,0,0.0,1,50,1,1,1,1,1
20.621695_85.564537,DHENKANAL,MANGALPUR,,18.0,0,1,1.0,1,10,6,6,6,6,6
20.741885_84.698598,ANGUL,KANSAB,,53.0,2,1,1.0,1,10,6,6,6,6,6
20.742247_84.697628,ANGUL,KANSAB,,43.0,2,1,1.0,1,10,6,6,6,6,6
20.742487_84.696332,ANGUL,KANSAB,,38.0,1,1,1.0,1,10,6,6,6,6,6
20.743825_84.696419,ANGUL,KANSAB,,48.0,5,1,1.0,1,10,6,6,6,6,6
20.744313_84.694294,ANGUL,KANSAB,,38.0,1,1,1.0,1,10,6,6,6,6,6
20.744556_84.693554,ANGUL,KANSAB,,38.0,4,1,1.0,1,10,6,6,6,6,6
20.745076_84.695402,ANGUL,KANSAB,,53.0,2,1,1.0,1,10,6,6,6,6,6
20.745582_84.692273,ANGUL,KANSAB,,53.0,4,1,1.0,1,10,6,6,6,6,6
20.746348_84.694433,ANGUL,KANSAB,,58.0,2,1,1.0,1,10,6,6,6,6,6
20.747267_84.691992,ANGUL,KANSAB,,43.0,4,1,1.0,1,10,6,6,6,6,6
20.759342_84.70982,ANGUL,GHANAJODI,,38.0,4,1,1.0,1,10,6,6,6,6,6
20.760064_84.721146,ANGUL,GHANAJODI,,38.0,0,1,1.0,1,10,6,6,6,6,6
20.760492_84.717751,ANGUL,GHANAJODI,,43.0,0,1,1.0,1,10,6,6,6,6,6
20.761327_84.711584,ANGUL,GHANAJODI,,48.0,0,1,1.0,1,10,6,6,6,6,6
20.76148_84.72302,ANGUL,GHANAJODI,,43.0,0,1,1.0,1,10,6,6,6,6,6
20.761498_84.715991,ANGUL,GHANAJODI,,38.0,0,1,1.0,1,10,6,6,6,6,6
20.76178_84.706629,ANGUL,GHANAJODI,,38.0,0,1,1.0,1,10,6,6,6,6,6
20.763036_84.72282,ANGUL,GHANAJODI,,68.0,0,1,1.0,1,10,6,6,6,6,6
20.76408_84.715482,ANGUL,GHANAJODI,,98.0,0,0,0.31541340592038114,1,10,11,11,10,10,10
20.764457_84.718917,ANGUL,GHANAJODI,,43.0,0,1,1.0,1,10,6,6,6,6,6
20.767532_84.743722,ANGUL,KANTAPADA,,48.0,2,1,1.0,1,10,6,6,6,6,6
20.802758_84.651615,ANGUL,JOGI BANDHA,,58.0,3,1,1.0,1,10,6,6,6,6,6
20.803186_84.650445,ANGUL,JOGI BANDHA,,78.0,1,1,1.0,1,10,6,6,6,6,6
20.803305_84.650996,ANGUL,JOGI BANDHA,,68.0,2,1,1.0,1,10,6,6,6,6,6
20.803378_84.649662,ANGUL,JOGI BANDHA,,93.0,0,1,1.0,1,10,6,6,12,12,6
20.80382_84.649267,ANGUL,JOGI BANDHA,,63.0,2,1,1.0,1,10,6,6,6,6,6
20.804067_84.651992,ANGUL,JOGI BANDHA,,28.0,2,1,1.0,1,10,6,6,6,6,6
20.805056_84.651723,ANGUL,JOGI BANDHA,,58.0,1,1,1.0,1,10,6,6,6,6,6
20.805103_84.650732,ANGUL,JOGI BANDHA,,88.0,0,1,1.0,1,10,12,6,6,6,6
20.805368_84.649812,ANGUL,JOGI BANDHA,,8.0,1,1,0.7932675960557634,1,10,12,12,12,12,12
20.806103_84.651004,ANGUL,JOGI BANDHA,,43.0,0,1,1.0,1,10,6,6,6,6,6
20.825695_84.645693,ANGUL,ANANDA PUR,,68.0,1,1,0.6166383701188456,1,10,6,6,6,6,6
20.825723_84.645635,ANGUL,ANANDA PUR,,33.0,0,1,0.8366168478260869,1,10,6,6,6,6,6
20.825966_84.644815,ANGUL,ANANDA PUR,,63.0,1,1,1.0,1,10,6,6,6,6,6
20.826051_84.646594,ANGUL,ANANDA PUR,,88.0,3,1,0.967698061883713,1,10,6,6,6,6,6
20.827024_84.643543,ANGUL,ANANDA PUR,,78.0,3,1,0.763327674023769,1,10,6,6,6,6,6
20.827087_84.646448,ANGUL,ANANDA PUR,,98.0,2,1,1.0,1,10,6,6,6,6,6
20.827346_84.642134,ANGUL,ANANDA PUR,,48.0,1,1,1.0,1,10,6,6,6,6,6
20.828018_84.64283,ANGUL,ANANDA PUR,,58.0,2,1,1.0,1,10,6,6,6,6,6
20.828198_84.64423,ANGUL,ANANDA PUR,,88.0,0,0,0.5312712440516654,1,30,11,11,11,11,10
20.926499_85.652478,DHENKANAL,TULASIPASI,,23.0,5,1,1.0,1,10,6,6,6,6,6
20.926894_85.66691,DHENKANAL,TULASIPASI,,8.0,0,0,0.82706002034588,1,10,11,10,10,10,11
20.927937_85.652632,DHENKANAL,TULASIPASI,,23.0,0,1,0.7995930824008137,1,10,6,6,6,6,6
20.931564_85.663294,DHENKANAL,TULASIPASI,,23.0,7,1,1.0,1,10,6,6,6,6,6
20.931593_85.663369,DHENKANAL,TULASIPASI,,33.0,6,1,1.0,1,10,6,6,6,6,6
20.934691_85.665477,DHENKANAL,TULASIPASI,,18.0,7,1,1.0,1,10,6,6,6,6,6
20.935038_85.668127,DHENKANAL,TULASIPASI,,8.0,6,1,1.0,1,10,6,6,6,6,6
20.967839_85.697164,DHENKANAL,KANKANA,,28.0,4,1,1.0,1,10,6,6,6,6,6
20.968462_85.697621,DHENKANAL,KANKANA,,2.5,0,0,0.4555932203389829,1,10,10,10,10,8,12
20.96877_85.697427,DHENKANAL,KANKANA,,2.5,1,1,1.0,1,10,6,6,6,6,6
20.969023_85.695805,DHENKANAL,KANKANA,,53.0,0,0,0.0,1,10,11,11,10,11,10
20.970158_85.69672,DHENKANAL,KANKANA,,23.0,3,1,1.0,1,10,6,6,6,6,6
20.970671_85.695629,DHENKANAL,KANKANA,,28.0,0,1,1.0,1,10,6,6,6,6,6
20.971334_85.696502,DHENKANAL,KANKANA,,28.0,2,1,1.0,1,10,6,6,6,6,6
20.972437_85.695593,DHENKANAL,KANKANA,,18.0,0,1,1.0,1,10,6,6,6,6,6
21.018825_85.612578,DHENKANAL,BALIKUMA,Balikurma,73.0,3,1,1.0,1,10,6,6,6,6,6
21.018991_85.615656,DHENKANAL,BALIKUMA,Balikurma,48.0,7,1,1.0,1,10,6,6,6,6,6
21.019655_85.619941,DHENKANAL,BALIKUMA,Balikurma,83.0,10,1,1.0,1,10,6,6,6,6,6
21.019794_85.61085,DHENKANAL,BALIKUMA,Balikurma,73.0,6,1,1.0,1,10,6,6,6,6,6
21.019849_85.61665,DHENKANAL,BALIKUMA,Balikurma,78.0,6,1,1.0,1,10,6,6,6,6,6
21.021416_85.610006,DHENKANAL,BALIKUMA,Balikurma,58.0,5,1,1.0,1,10,6,6,6,6,6
21.02179_85.618937,DHENKANAL,BALIKUMA,Balikurma,63.0,10,1,1.0,1,10,6,6,6,6,6
21.021861_85.613366,DHENKANAL,BALIKUMA,Balikurma,43.0,8,1,1.0,1,10,6,6,6,6,6
21.022286_85.61525,DHENKANAL,BALIKUMA,Balikurma,48.0,9,1,1.0,1,10,6,6,6,6,6
21.023003_85.611504,DHENKANAL,BALIKUMA,Balikurma,48.0,9,1,1.0,1,10,6,6,6,6,6
21.023941_85.616045,DHENKANAL,BALIKUMA,Balikurma,53.0,9,1,1.0,1,10,6,6,6,6,6
21.040585_85.690666,DHENKANAL,NUA SAHI,Kampulei,28.0,7,1,1.0,1,10,6,6,6,6,6
21.041399_85.688028,DHENKANAL,NUA SAHI,Kampulei,38.0,7,1,1.0,1,10,6,6,6,6,6
21.043315_85.689977,DHENKANAL,NUA SAHI,Kampulei,38.0,5,1,1.0,1,10,6,6,6,6,6
21.043929_85.684979,DHENKANAL,HADI SAHI,Kampulei,28.0,2,1,1.0,1,10,6,6,6,6,6
21.044343_85.521868,DHENKANAL,ADHAPALLI,Adhapalli,13.0,1,1,1.0,1,10,6,6,6,6,6
21.044772_85.519605,DHENKANAL,ADHAPALLI,Adhapalli,8.0,10,1,1.0,1,10,6,6,6,6,6
21.045566_85.52362,DHENKANAL,ADHAPALLI,Adhapalli,8.0,12,1,1.0,1,10,6,6,6,6,6
21.046197_85.525567,DHENKANAL,ADHAPALLI,Adhapalli,2.5,2,1,1.0,1,10,6,6,6,6,6
21.046237_85.520861,DHENKANAL,ADHAPALLI,Adhapalli,8.0,11,1,1.0,1,10,6,6,6,6,6
21.046252_85.683699,DHENKANAL,NUA SAHI,Kampulei,53.0,9,1,1.0,1,10,6,6,6,6,6
21.047075_85.526962,DHENKANAL,ADHAPALLI,Adhapalli,2.5,1,1,1.0,1,10,6,6,6,6,6
21.047435_85.691744,DHENKANAL,NUA SAHI,Kampulei,38.0,8,1,1.0,1,10,6,6,6,6,6
21.047558_85.52488,DHENKANAL,ADHAPALLI,Adhapalli,8.0,6,1,1.0,1,10,6,6,6,6,6
21.047646_85.527402,DHENKANAL,ADHAPALLI,Adhapalli,2.5,0,1,1.0,1,10,6,6,6,6,6
21.047655_85.526258,DHENKANAL,ADHAPALLI,Adhapalli,8.0,0,1,1.0,1,10,6,6,6,6,6
21.048412_85.523557,DHENKANAL,ADHAPALLI,Adhapalli,2.5,5,1,1.0,1,10,6,6,6,6,6
21.048834_85.524919,DHENKANAL,ADHAPALLI,Adhapalli,2.5,1,1,1.0,1,10,6,6,6,6,6
21.049949_85.690852,DHENKANAL,NUA SAHI,Kampulei,63.0,12,1,1.0,1,10,6,6,6,6,6
21.050477_85.686889,DHENKANAL,NUA SAHI,Kampulei,58.0,10,1,1.0,1,10,6,6,6,6,6
21.052047_85.690007,DHENKANAL,NUA SAHI,Kampulei,83.0,5,1,1.0,1,10,6,6,6,6,6
21.074972_85.389524,DHENKANAL,MAHABIR ROAD,Mahabirod,23.0,6,1,1.0,1,10,6,6,6,6,6
21.075714_85.392354,DHENKANAL,KANKADAHAD,Mahabirod,58.0,4,1,1.0,1,10,6,6,6,6,6
21.076582_85.388847,DHENKANAL,BURUGI BHUIN,Mahabirod,13.0,9,1,1.0,1,10,6,6,6,6,6
21.077312_85.39015,DHENKANAL,BURUGI BHUIN,Mahabirod,8.0,8,1,1.0,1,10,6,6,6,6,6
21.077442_85.388795,DHENKANAL,BURUGI BHUIN,Mahabirod,48.0,13,1,1.0,1,10,6,6,6,6,6
21.077809_85.392112,DHENKANAL,BURUGI BHUIN,Mahabirod,73.0,12,1,1.0,1,10,6,6,6,6,6
21.078879_85.387094,DHENKANAL,BURUGI BHUIN,Mahabirod,78.0,11,1,1.0,1,10,6,6,6,6,6
21.078934_85.390421,DHENKANAL,BURUGI BHUIN,Mahabirod,78.0,8,1,1.0,1,10,6,6,6,6,6
21.079134_85.389512,DHENKANAL,BURUGI BHUIN,Mahabirod,78.0,15,1,1.0,1,10,6,6,6,6,6
21.106127_85.565469,DHENKANAL,BALI SAHI,Kerijoli,23.0,7,1,1.0,1,10,6,6,6,6,6
21.106491_85.565027,DHENKANAL,BALI SAHI,Kerijoli,23.0,3,1,1.0,1,10,6,6,6,6,6
21.107106_85.56567,DHENKANAL,BALI SAHI,Kerijoli,33.0,11,1,1.0,1,10,6,6,6,6,6
21.10777_85.564995,DHENKANAL,BALI SAHI,Kerijoli,33.0,6,1,1.0,1,10,6,6,6,6,6
21.108009_85.565539,DHENKANAL,BALI SAHI,Kerijoli,33.0,14,1,1.0,1,10,6,6,6,6,6
21.108207_85.564337,DHENKANAL,BALI SAHI,Kerijoli,33.0,9,1,1.0,1,10,6,6,6,6,6
21.108502_85.564922,DHENKANAL,BALI SAHI,Kerijoli,28.0,10,1,1.0,1,10,6,6,6,6,6
21.109137_85.564208,DHENKANAL,BALI SAHI,Kerijoli,28.0,11,1,1.0,1,10,6,6,6,6,6
21.109653_85.563835,DHENKANAL,BALI SAHI,Kerijoli,23.0,1,1,1.0,1,10,6,6,6,6,6
21.110522_85.56385,DHENKANAL,BALI SAHI,Kerijoli,23.0,4,1,0.9116153064679988,1,10,6,6,6,6,6
21.154502_85.365229,DHENKANAL,RAIJHARANA,Pangatira,83.0,0,1,1.0,1,10,6,6,6,6,6
21.155752_85.365857,DHENKANAL,RAIJHARANA,Pangatira,68.0,0,1,1.0,1,10,6,6,6,6,6
21.156085_85.364999,DHENKANAL,RAIJHARANA,Pangatira,8.0,0,1,1.0,1,10,6,6,6,6,6
21.156_85.367028,DHENKANAL,RAIJHARANA,Pangatira,88.0,0,1,1.0,1,10,12,6,6,6,6
21.157913_85.365213,DHENKANAL,RAIJHARANA,Pangatira,68.0,0,1,1.0,1,10,6,6,6,6,6
21.158187_85.36696,DHENKANAL,RAIJHARANA,Pangatira,78.0,0,1,0.9844226210633255,1,10,6,6,6,6,6
21.158748_85.364022,DHENKANAL,RAIJHARANA,Pangatira,58.0,0,1,1.0,1,10,6,6,6,6,6
21.15983_85.365755,DHENKANAL,RAIJHARANA,Pangatira,88.0,0,1,1.0,1,10,6,6,6,6,6
21.160104_85.363229,DHENKANAL,RAIJHARANA,Pangatira,68.0,0,1,1.0,1,10,6,6,6,6,6
21.161816_85.365742,DHENKANAL,RAIJHARANA,Pangatira,68.0,0,1,1.0,1,10,6,6,6,6,6
21.574184_85.390018,KENDUJHAR,BHANRADI SAHI,,2.5,0,1,0.7322754895340988,1,30,10,10,6,12,12
21.574526_85.389458,KENDUJHAR,BHANRADI SAHI,,63.0,0,1,0.9821127235909551,1,30,10,10,6,6,6
21.574774_85.38847,KENDUJHAR,BHANRADI SAHI,,2.5,0,1,1.0,1,30,6,6,6,6,6
21.574844_85.390232,KENDUJHAR,JAKARBANDHA SAHI,,63.0,1,1,1.0,1,30,12,6,6,6,6
21.575176_85.390956,KENDUJHAR,BHANRADI SAHI,,8.0,0,1,1.0,1,30,6,6,6,6,6
21.57564_85.38927,KENDUJHAR,BHANRADI SAHI,,73.0,0,1,1.0,1,30,6,6,6,6,6
21.575764_85.387851,KENDUJHAR,BHANRADI SAHI,,38.0,5,1,1.0,1,30,6,6,6,6,6
21.614841_85.407242,KENDUJHAR,BHANRADI SAHI,,83.0,0,0,0.0,1,40,1,1,1,1,1
21.6178_85.381345,KENDUJHAR,TUNKULSAHI,,18.0,0,0,0.020580296896086373,1,30,10,10,10,8,10
21.618997_85.379154,KENDUJHAR,TUNKULSAHI,,63.0,0,1,1.0,1,10,6,6,6,6,6
21.621938_85.383944,KENDUJHAR,TUNKULSAHI,,2.5,0,0,0.27456940222897674,1,30,10,10,10,11,10
21.62195_85.383933,KENDUJHAR,TUNKULSAHI,,23.0,0,0,0.33029689608636975,1,30,10,10,10,11,10
